"","id"
"1","N10014"
"2","N1002"
"3","N10034"
"4","N10059"
"5","N10072"
"6","N1012"
"7","N10121"
"8","N10153"
"9","N10158"
"10","N10162"
"11","N10186"
"12","N10213"
"13","N10219"
"14","N10273"
"15","N10279"
"16","N10348"
"17","N10364"
"18","N10410"
"19","N10417"
"20","N10418"
"21","N10445"
"22","N10464"
"23","N10478"
"24","N10531"
"25","N10532"
"26","N10546"
"27","N10586"
"28","N10588"
"29","N10634"
"30","N10655"
"31","N10696"
"32","N10697"
"33","N10698"
"34","N107"
"35","N10700"
"36","N10715"
"37","N10722"
"38","N10747"
"39","N10772"
"40","N10822"
"41","N10833"
"42","N10838"
"43","N10870"
"44","N10929"
"45","N10949"
"46","N10991"
"47","N11001"
"48","N11035"
"49","N11049"
"50","N11106"
"51","N11120"
"52","N11130"
"53","N11141"
"54","N11154"
"55","N11178"
"56","N11190"
"57","N11265"
"58","N11266"
"59","N11283"
"60","N11307"
"61","N11308"
"62","N11372"
"63","N11426"
"64","N11447"
"65","N11469"
"66","N11489"
"67","N11532"
"68","N11568"
"69","N11572"
"70","N11577"
"71","N11581"
"72","N11825"
"73","N11917"
"74","N11948"
"75","N11956"
"76","N1199"
"77","N11990"
"78","N12114"
"79","N12149"
"80","N12201"
"81","N12206"
"82","N12258"
"83","N12263"
"84","N12270"
"85","N1228"
"86","N12324"
"87","N12354"
"88","N12406"
"89","N12421"
"90","N12423"
"91","N12468"
"92","N12500"
"93","N12501"
"94","N12503"
"95","N12507"
"96","N12567"
"97","N12644"
"98","N12645"
"99","N12649"
"100","N12676"
"101","N12721"
"102","N12742"
"103","N12752"
"104","N12758"
"105","N12763"
"106","N12773"
"107","N12796"
"108","N12881"
"109","N12882"
"110","N12883"
"111","N12884"
"112","N12886"
"113","N12887"
"114","N12923"
"115","N12995"
"116","N13027"
"117","N13036"
"118","N1306"
"119","N13085"
"120","N13086"
"121","N13087"
"122","N13135"
"123","N13218"
"124","N13300"
"125","N13344"
"126","N13388"
"127","N1349"
"128","N137"
"129","N13704"
"130","N13837"
"131","N139"
"132","N1395"
"133","N13972"
"134","N13973"
"135","N13974"
"136","N13987"
"137","N14152"
"138","N14169"
"139","N14248"
"140","N14257"
"141","N14295"
"142","N14369"
"143","N14391"
"144","N14399"
"145","N14637"
"146","N14639"
"147","N14648"
"148","N14662"
"149","N14699"
"150","N14707"
"151","N14708"
"152","N14719"
"153","N14744"
"154","N14746"
"155","N14747"
"156","N14749"
"157","N14778"
"158","N14801"
"159","N14810"
"160","N14811"
"161","N14855"
"162","N14881"
"163","N14917"
"164","N14920"
"165","N14922"
"166","N14938"
"167","N14942"
"168","N14975"
"169","N14976"
"170","N1500"
"171","N15001"
"172","N15003"
"173","N15035"
"174","N15054"
"175","N15057"
"176","N15084"
"177","N15090"
"178","N15195"
"179","N15202"
"180","N15230"
"181","N15254"
"182","N15339"
"183","N15359"
"184","N15360"
"185","N15390"
"186","N15436"
"187","N15437"
"188","N15452"
"189","N1549"
"190","N15541"
"191","N1556"
"192","N15587"
"193","N15590"
"194","N15614"
"195","N15654"
"196","N15655"
"197","N15658"
"198","N15725"
"199","N15841"
"200","N1585"
"201","N15852"
"202","N15920"
"203","N15978"
"204","N1621"
"205","N1622"
"206","N16239"
"207","N1625"
"208","N1632"
"209","N16385"
"210","N16516"
"211","N16530"
"212","N16531"
"213","N16613"
"214","N16625"
"215","N16664"
"216","N16683"
"217","N16686"
"218","N16791"
"219","N16807"
"220","N16940"
"221","N16941"
"222","N16942"
"223","N17"
"224","N17061"
"225","N17206"
"226","N17240"
"227","N17242"
"228","N17269"
"229","N1727"
"230","N174"
"231","N1746"
"232","N17460"
"233","N17528"
"234","N17553"
"235","N17593"
"236","N17650"
"237","N17724"
"238","N17729"
"239","N17763"
"240","N17775"
"241","N17798"
"242","N17841"
"243","N17872"
"244","N17881"
"245","N17961"
"246","N17987"
"247","N18024"
"248","N18348"
"249","N18364"
"250","N18388"
"251","N18444"
"252","N18536"
"253","N1857"
"254","N18674"
"255","N18854"
"256","N18865"
"257","N18882"
"258","N18922"
"259","N18953"
"260","N18954"
"261","N18955"
"262","N18957"
"263","N18970"
"264","N18998"
"265","N19001"
"266","N19006"
"267","N19239"
"268","N19240"
"269","N19411"
"270","N19415"
"271","N19479"
"272","N19480"
"273","N19482"
"274","N19486"
"275","N19511"
"276","N19561"
"277","N1959"
"278","N19620"
"279","N19661"
"280","N1968"
"281","N19705"
"282","N19760"
"283","N1992"
"284","N20017"
"285","N20036"
"286","N20101"
"287","N20106"
"288","N2011"
"289","N20116"
"290","N20132"
"291","N20249"
"292","N2025"
"293","N2026"
"294","N20262"
"295","N20266"
"296","N20269"
"297","N20271"
"298","N2033"
"299","N20364"
"300","N20380"
"301","N20512"
"302","N2055"
"303","N20574"
"304","N20640"
"305","N20645"
"306","N20652"
"307","N20653"
"308","N2078"
"309","N20858"
"310","N20925"
"311","N20960"
"312","N20986"
"313","N21044"
"314","N21045"
"315","N21065"
"316","N21066"
"317","N2108"
"318","N21110"
"319","N21201"
"320","N21363"
"321","N21364"
"322","N21802"
"323","N21834"
"324","N21877"
"325","N21899"
"326","N21972"
"327","N22114"
"328","N22119"
"329","N22146"
"330","N22217"
"331","N223"
"332","N22386"
"333","N22407"
"334","N22408"
"335","N22435"
"336","N22532"
"337","N2257"
"338","N22592"
"339","N22750"
"340","N22826"
"341","N22834"
"342","N22847"
"343","N2293"
"344","N23163"
"345","N23198"
"346","N23209"
"347","N23210"
"348","N23282"
"349","N23323"
"350","N23348"
"351","N23361"
"352","N23463"
"353","N23464"
"354","N23466"
"355","N23467"
"356","N23468"
"357","N23470"
"358","N23471"
"359","N23523"
"360","N23547"
"361","N23622"
"362","N23672"
"363","N23683"
"364","N2373"
"365","N23762"
"366","N23942"
"367","N2412"
"368","N24143"
"369","N24158"
"370","N24181"
"371","N24208"
"372","N24309"
"373","N24388"
"374","N24418"
"375","N24420"
"376","N24434"
"377","N24466"
"378","N2452"
"379","N24525"
"380","N2453"
"381","N24630"
"382","N24631"
"383","N24639"
"384","N24665"
"385","N24666"
"386","N24722"
"387","N24744"
"388","N2477"
"389","N24786"
"390","N24820"
"391","N2484"
"392","N24881"
"393","N24890"
"394","N24897"
"395","N2496"
"396","N25037"
"397","N2510"
"398","N2517"
"399","N25222"
"400","N2540"
"401","N25452"
"402","N25664"
"403","N2575"
"404","N2578"
"405","N25784"
"406","N25866"
"407","N25878"
"408","N25911"
"409","N25950"
"410","N26084"
"411","N26119"
"412","N26167"
"413","N26168"
"414","N26289"
"415","N26297"
"416","N26302"
"417","N26370"
"418","N26371"
"419","N26419"
"420","N26427"
"421","N26441"
"422","N26489"
"423","N26543"
"424","N26620"
"425","N26646"
"426","N2666"
"427","N26744"
"428","N26891"
"429","N2704"
"430","N27048"
"431","N27052"
"432","N27076"
"433","N27120"
"434","N2713"
"435","N27221"
"436","N27251"
"437","N27252"
"438","N27296"
"439","N27362"
"440","N27445"
"441","N27446"
"442","N2750"
"443","N27508"
"444","N27602"
"445","N27676"
"446","N27689"
"447","N27830"
"448","N27881"
"449","N27892"
"450","N27893"
"451","N27938"
"452","N27971"
"453","N2800"
"454","N28047"
"455","N28048"
"456","N28057"
"457","N28123"
"458","N28195"
"459","N28196"
"460","N28296"
"461","N28574"
"462","N29128"
"463","N29136"
"464","N29236"
"465","N29412"
"466","N29416"
"467","N2947"
"468","N2954"
"469","N29751"
"470","N29949"
"471","N30"
"472","N30205"
"473","N30260"
"474","N30262"
"475","N30263"
"476","N30265"
"477","N30289"
"478","N3029"
"479","N30344"
"480","N30406"
"481","N30655"
"482","N30703"
"483","N30796"
"484","N308"
"485","N31019"
"486","N31080"
"487","N31139"
"488","N31140"
"489","N31193"
"490","N31194"
"491","N31274"
"492","N31583"
"493","N32490"
"494","N32526"
"495","N3253"
"496","N32651"
"497","N32672"
"498","N3270"
"499","N32813"
"500","N32861"
"501","N32887"
"502","N32888"
"503","N32933"
"504","N32977"
"505","N3303"
"506","N33053"
"507","N33055"
"508","N33058"
"509","N33059"
"510","N3306"
"511","N33081"
"512","N3312"
"513","N33165"
"514","N33222"
"515","N33258"
"516","N33352"
"517","N33357"
"518","N33408"
"519","N33410"
"520","N33437"
"521","N3376"
"522","N33823"
"523","N33848"
"524","N34176"
"525","N34177"
"526","N3434"
"527","N3439"
"528","N34538"
"529","N34572"
"530","N34900"
"531","N3519"
"532","N35479"
"533","N3555"
"534","N3556"
"535","N35792"
"536","N35796"
"537","N36366"
"538","N370"
"539","N3703"
"540","N3704"
"541","N3705"
"542","N37156"
"543","N37158"
"544","N3717"
"545","N37401"
"546","N37652"
"547","N3777"
"548","N3799"
"549","N3844"
"550","N38692"
"551","N3877"
"552","N3883"
"553","N3927"
"554","N39440"
"555","N39643"
"556","N39656"
"557","N3977"
"558","N39867"
"559","N39974"
"560","N4015"
"561","N4086"
"562","N4100"
"563","N41498"
"564","N41501"
"565","N4171"
"566","N41752"
"567","N41793"
"568","N41809"
"569","N41954"
"570","N41971"
"571","N42026"
"572","N42818"
"573","N42819"
"574","N42820"
"575","N4288"
"576","N43586"
"577","N438"
"578","N439"
"579","N4395"
"580","N44500"
"581","N4592"
"582","N46014"
"583","N46124"
"584","N46258"
"585","N4626"
"586","N46316"
"587","N46337"
"588","N46347"
"589","N46356"
"590","N46370"
"591","N46465"
"592","N46509"
"593","N47018"
"594","N47222"
"595","N4734"
"596","N47526"
"597","N47561"
"598","N4758"
"599","N47687"
"600","N47829"
"601","N4784"
"602","N47902"
"603","N4806"
"604","N48223"
"605","N48321"
"606","N48390"
"607","N4845"
"608","N4847"
"609","N48715"
"610","N48809"
"611","N48953"
"612","N49"
"613","N49023"
"614","N49135"
"615","N4927"
"616","N493"
"617","N49619"
"618","N4963"
"619","N49712"
"620","N4979"
"621","N50172"
"622","N50173"
"623","N50174"
"624","N50176"
"625","N50178"
"626","N50604"
"627","N5065"
"628","N5081"
"629","N5082"
"630","N5092"
"631","N5096"
"632","N5116"
"633","N5165"
"634","N51934"
"635","N52110"
"636","N5219"
"637","N52241"
"638","N52280"
"639","N52314"
"640","N52353"
"641","N52538"
"642","N5259"
"643","N5283"
"644","N52859"
"645","N52962"
"646","N53059"
"647","N531"
"648","N53267"
"649","N5371"
"650","N53799"
"651","N5409"
"652","N5422"
"653","N5483"
"654","N55049"
"655","N55051"
"656","N5542"
"657","N5545"
"658","N5569"
"659","N55981"
"660","N56132"
"661","N5626"
"662","N5629"
"663","N5674"
"664","N5770"
"665","N5778"
"666","N5779"
"667","N5781"
"668","N5782"
"669","N5932"
"670","N5945"
"671","N5946"
"672","N5957"
"673","N60"
"674","N6027"
"675","N70151"
"676","N60993"
"677","N61140"
"678","N6118"
"679","N6119"
"680","N6162"
"681","N6193"
"682","N6198"
"683","N63036"
"684","N63077"
"685","N6321"
"686","N63493"
"687","N64140"
"688","N70152"
"689","N6457"
"690","N64708"
"691","N64818"
"692","N6514"
"693","N65158"
"694","N65321"
"695","N6548"
"696","N65568"
"697","N6590"
"698","N6602"
"699","N6604"
"700","N66234"
"701","N66949"
"702","N6740"
"703","N6778"
"704","N6789"
"705","N67936"
"706","N68094"
"707","N68546"
"708","N6856"
"709","N6876"
"710","N6884"
"711","N68855"
"712","N68870"
"713","N68871"
"714","N68872"
"715","N68873"
"716","N6894"
"717","N6964"
"718","N7013"
"719","N7020"
"720","N7100"
"721","N7105"
"722","N7298"
"723","N738"
"724","N7442"
"725","N7448"
"726","N7476"
"727","N7514"
"728","N7582"
"729","N7592"
"730","N7595"
"731","N7598"
"732","N7634"
"733","N7732"
"734","N7772"
"735","N7857"
"736","N7869"
"737","N7871"
"738","N7910"
"739","N8"
"740","N8080"
"741","N8291"
"742","N8298"
"743","N8314"
"744","N8374"
"745","N8383"
"746","N8394"
"747","N8396"
"748","N8397"
"749","N8398"
"750","N8411"
"751","N8416"
"752","N8442"
"753","N8473"
"754","N8490"
"755","N8498"
"756","N8499"
"757","N8500"
"758","N8545"
"759","N8547"
"760","N8549"
"761","N8588"
"762","N8854"
"763","N8867"
"764","N8869"
"765","N8877"
"766","N8901"
"767","N8931"
"768","N8950"
"769","N9017"
"770","N9027"
"771","N9120"
"772","N9147"
"773","N9163"
"774","N9183"
"775","N9324"
"776","N9358"
"777","N9392"
"778","N948"
"779","N9503"
"780","N9504"
"781","N9540"
"782","N9579"
"783","N9580"
"784","N9589"
"785","N9638"
"786","N9956"
"787","N9991"
"788","N69041"
"789","N69122"
"790","N69259"
"791","N71657"
"792","P3078"
"793","P5999"
"794","P3101"
"795","P2715"
"796","P3137"
"797","P2719"
"798","P3165"
"799","P6219"
"800","P6669"
"801","P142"
"802","P1892"
"803","P1997"
"804","P2028"
"805","P2031"
"806","P2032"
"807","P2152"
"808","P2246"
"809","P2248"
"810","P2287"
"811","P2344"
"812","P2371"
"813","P2377"
"814","P2380"
"815","P2426"
"816","P6021"
"817","P6030"
"818","P2772"
"819","P2572"
"820","P2656"
"821","P2922"
"822","P6290"
"823","P3388"
"824","P2811"
"825","P3408"
"826","P3413"
"827","P2951"
"828","P3454"
"829","P3193"
"830","P5182"
"831","P6064"
"832","P6155"
"833","P6168"
"834","P6382"
"835","P6424"
"836","P6432"
"837","P6448"
"838","P6453"
"839","P6498"
"840","T231674"
"841","T10095"
"842","T10133"
"843","T10135"
"844","T10136"
"845","T10137"
"846","T10140"
"847","T10141"
"848","T10148"
"849","T10163"
"850","T10227"
"851","T10253"
"852","T10259"
"853","T10284"
"854","T1029"
"855","T1046"
"856","T10617"
"857","T10635"
"858","T10670"
"859","T10676"
"860","T10783"
"861","T10815"
"862","T10822"
"863","T1085"
"864","T10853"
"865","T1094"
"866","T11016"
"867","T11017"
"868","T11018"
"869","T11019"
"870","T11020"
"871","T11021"
"872","T11022"
"873","T11023"
"874","T11024"
"875","T11025"
"876","T11026"
"877","T11027"
"878","T11028"
"879","T11029"
"880","T11030"
"881","T11032"
"882","T11033"
"883","T11034"
"884","T11035"
"885","T11075"
"886","T11107"
"887","T11111"
"888","T11112"
"889","T11113"
"890","T1114"
"891","T1119"
"892","T11198"
"893","T11210"
"894","T11223"
"895","T11225"
"896","T11226"
"897","T11229"
"898","T11240"
"899","T11242"
"900","T11244"
"901","T11264"
"902","T11269"
"903","T11270"
"904","T11285"
"905","T11413"
"906","T11424"
"907","T1148"
"908","T11501"
"909","T11628"
"910","T11660"
"911","T11728"
"912","T11771"
"913","T11885"
"914","T11892"
"915","T11925"
"916","T11926"
"917","T12205"
"918","T12215"
"919","T12257"
"920","T12377"
"921","T12413"
"922","T12414"
"923","T12415"
"924","T12416"
"925","T12445"
"926","T12457"
"927","T1248"
"928","T12630"
"929","T12677"
"930","T12686"
"931","T12690"
"932","T12691"
"933","T12692"
"934","T12693"
"935","T12694"
"936","T12695"
"937","T12697"
"938","T1271"
"939","T12711"
"940","T12712"
"941","T12825"
"942","T12957"
"943","T12963"
"944","T12964"
"945","T12965"
"946","T12966"
"947","T12967"
"948","T12969"
"949","T12970"
"950","T12971"
"951","T12973"
"952","T12974"
"953","T12977"
"954","T12982"
"955","T12983"
"956","T12984"
"957","T12985"
"958","T12986"
"959","T12988"
"960","T12990"
"961","T12991"
"962","T13000"
"963","T13036"
"964","T13039"
"965","T13040"
"966","T13041"
"967","T13042"
"968","T13050"
"969","T13053"
"970","T13074"
"971","T1308"
"972","T13088"
"973","T13186"
"974","T13192"
"975","T13194"
"976","T13203"
"977","T13508"
"978","T13511"
"979","T13512"
"980","T13523"
"981","T14087"
"982","T14293"
"983","T14337"
"984","T1454"
"985","T14615"
"986","T14754"
"987","T14846"
"988","T14898"
"989","T14919"
"990","T14992"
"991","T1509"
"992","T16515"
"993","T16529"
"994","T16530"
"995","T16608"
"996","T16925"
"997","T170"
"998","T17080"
"999","T17172"
"1000","T17173"
"1001","T17526"
"1002","T17528"
"1003","T17537"
"1004","T17539"
"1005","T1759"
"1006","T1760"
"1007","T1761"
"1008","T17691"
"1009","T17823"
"1010","T17832"
"1011","T18063"
"1012","T1808"
"1013","T18187"
"1014","T18191"
"1015","T18199"
"1016","T18200"
"1017","T18207"
"1018","T18210"
"1019","T18216"
"1020","T1836"
"1021","T184"
"1022","T18486"
"1023","T18487"
"1024","T186"
"1025","T1870"
"1026","T18847"
"1027","T18895"
"1028","T1893"
"1029","T18994"
"1030","T19020"
"1031","T19077"
"1032","T1909"
"1033","T1933"
"1034","T1936"
"1035","T1960"
"1036","T1961"
"1037","T1980"
"1038","T19878"
"1039","T19882"
"1040","T20162"
"1041","T20163"
"1042","T20188"
"1043","T20202"
"1044","T2021"
"1045","T20266"
"1046","T20274"
"1047","T20312"
"1048","T20314"
"1049","T20380"
"1050","T20388"
"1051","T20462"
"1052","T20474"
"1053","T20504"
"1054","T20522"
"1055","T20608"
"1056","T2100"
"1057","T21102"
"1058","T21444"
"1059","T21449"
"1060","T21569"
"1061","T21572"
"1062","T21584"
"1063","T2165"
"1064","T21817"
"1065","T21818"
"1066","T21821"
"1067","T21829"
"1068","T21830"
"1069","T21906"
"1070","T21966"
"1071","T22050"
"1072","T22062"
"1073","T22163"
"1074","T22184"
"1075","T22257"
"1076","T22258"
"1077","T22259"
"1078","T22260"
"1079","T22274"
"1080","T22377"
"1081","T22378"
"1082","T2239"
"1083","T2248"
"1084","T2249"
"1085","T22520"
"1086","T22551"
"1087","T2256"
"1088","T22567"
"1089","T22765"
"1090","T22781"
"1091","T2313"
"1092","T2343"
"1093","T2409"
"1094","T247"
"1095","T253"
"1096","T25315"
"1097","T25331"
"1098","T254"
"1099","T25514"
"1100","T258"
"1101","T25972"
"1102","T26077"
"1103","T26109"
"1104","T26110"
"1105","T2617"
"1106","T2622"
"1107","T26222"
"1108","T26225"
"1109","T26598"
"1110","T2668"
"1111","T26771"
"1112","T26904"
"1113","T27429"
"1114","T27430"
"1115","T27431"
"1116","T27442"
"1117","T27456"
"1118","T27523"
"1119","T27529"
"1120","T27820"
"1121","T28055"
"1122","T2808"
"1123","T2811"
"1124","T2815"
"1125","T2816"
"1126","T28160"
"1127","T2817"
"1128","T2822"
"1129","T28234"
"1130","T2825"
"1131","T2826"
"1132","T28296"
"1133","T2836"
"1134","T2845"
"1135","T2856"
"1136","T2863"
"1137","T2865"
"1138","T28714"
"1139","T28718"
"1140","T28738"
"1141","T28746"
"1142","T28755"
"1143","T28816"
"1144","T28847"
"1145","T28849"
"1146","T28856"
"1147","T28866"
"1148","T2893"
"1149","T28949"
"1150","T29006"
"1151","T29007"
"1152","T29216"
"1153","T29217"
"1154","T29218"
"1155","T29221"
"1156","T29288"
"1157","T29289"
"1158","T29329"
"1159","T2955"
"1160","T2956"
"1161","T29627"
"1162","T29649"
"1163","T29653"
"1164","T29655"
"1165","T29897"
"1166","T29972"
"1167","T29973"
"1168","T29974"
"1169","T29976"
"1170","T29977"
"1171","T29980"
"1172","T29990"
"1173","T30049"
"1174","T30050"
"1175","T30051"
"1176","T30052"
"1177","T30054"
"1178","T30055"
"1179","T30056"
"1180","T30058"
"1181","T30066"
"1182","T30067"
"1183","T30077"
"1184","T30078"
"1185","T30080"
"1186","T30087"
"1187","T30091"
"1188","T30093"
"1189","T30122"
"1190","T30147"
"1191","T30148"
"1192","T30149"
"1193","T30150"
"1194","T30151"
"1195","T30152"
"1196","T30154"
"1197","T30184"
"1198","T30186"
"1199","T30187"
"1200","T30188"
"1201","T30269"
"1202","T30896"
"1203","T30928"
"1204","T30949"
"1205","T30957"
"1206","T3098"
"1207","T31033"
"1208","T31034"
"1209","T31091"
"1210","T31122"
"1211","T31138"
"1212","T31139"
"1213","T31140"
"1214","T31144"
"1215","T31156"
"1216","T31240"
"1217","T31247"
"1218","T31248"
"1219","T31258"
"1220","T31444"
"1221","T31496"
"1222","T31499"
"1223","T31503"
"1224","T31509"
"1225","T31514"
"1226","T31515"
"1227","T31521"
"1228","T31522"
"1229","T31526"
"1230","T31528"
"1231","T31530"
"1232","T31533"
"1233","T31534"
"1234","T31535"
"1235","T31536"
"1236","T31541"
"1237","T31542"
"1238","T31554"
"1239","T31555"
"1240","T31563"
"1241","T31575"
"1242","T31576"
"1243","T31579"
"1244","T31580"
"1245","T31583"
"1246","T31589"
"1247","T3159"
"1248","T316"
"1249","T31646"
"1250","T31647"
"1251","T31673"
"1252","T31685"
"1253","T31743"
"1254","T3188"
"1255","T31886"
"1256","T3193"
"1257","T3195"
"1258","T32025"
"1259","T32121"
"1260","T32168"
"1261","T32192"
"1262","T32251"
"1263","T32252"
"1264","T32318"
"1265","T32358"
"1266","T32635"
"1267","T32773"
"1268","T32777"
"1269","T3289"
"1270","T32959"
"1271","T3298"
"1272","T33071"
"1273","T33125"
"1274","T33134"
"1275","T33327"
"1276","T33356"
"1277","T33373"
"1278","T33374"
"1279","T33377"
"1280","T33399"
"1281","T33400"
"1282","T33407"
"1283","T33411"
"1284","T33432"
"1285","T33468"
"1286","T33473"
"1287","T33489"
"1288","T33490"
"1289","T33491"
"1290","T33492"
"1291","T33493"
"1292","T33494"
"1293","T33495"
"1294","T33502"
"1295","T3353"
"1296","T33586"
"1297","T33591"
"1298","T33637"
"1299","T33671"
"1300","T33672"
"1301","T33673"
"1302","T33674"
"1303","T33919"
"1304","T33931"
"1305","T33981"
"1306","T34068"
"1307","T34189"
"1308","T34503"
"1309","T34518"
"1310","T34669"
"1311","T34822"
"1312","T34823"
"1313","T35109"
"1314","T35110"
"1315","T35141"
"1316","T35522"
"1317","T35796"
"1318","T35907"
"1319","T36086"
"1320","T36297"
"1321","T36310"
"1322","T36328"
"1323","T36369"
"1324","T36370"
"1325","T36373"
"1326","T36378"
"1327","T36385"
"1328","T36387"
"1329","T36451"
"1330","T36453"
"1331","T36478"
"1332","T36479"
"1333","T36513"
"1334","T36514"
"1335","T36567"
"1336","T36568"
"1337","T36569"
"1338","T36630"
"1339","T36738"
"1340","T36739"
"1341","T37059"
"1342","T37062"
"1343","T37165"
"1344","T37177"
"1345","T37244"
"1346","T37266"
"1347","T3733"
"1348","T37334"
"1349","T37338"
"1350","T37376"
"1351","T37451"
"1352","T37452"
"1353","T37453"
"1354","T37454"
"1355","T37700"
"1356","T37701"
"1357","T37753"
"1358","T37817"
"1359","T37818"
"1360","T37874"
"1361","T37875"
"1362","T37876"
"1363","T37877"
"1364","T37878"
"1365","T37879"
"1366","T37988"
"1367","T38057"
"1368","T38090"
"1369","T38103"
"1370","T38121"
"1371","T38122"
"1372","T38150"
"1373","T38152"
"1374","T38212"
"1375","T38242"
"1376","T38252"
"1377","T38257"
"1378","T38296"
"1379","T38298"
"1380","T38303"
"1381","T38321"
"1382","T38384"
"1383","T38390"
"1384","T38398"
"1385","T38424"
"1386","T38430"
"1387","T38484"
"1388","T38490"
"1389","T38492"
"1390","T38508"
"1391","T38509"
"1392","T38510"
"1393","T38511"
"1394","T38512"
"1395","T38513"
"1396","T38514"
"1397","T38515"
"1398","T38516"
"1399","T38517"
"1400","T38518"
"1401","T38520"
"1402","T38523"
"1403","T38525"
"1404","T39023"
"1405","T39097"
"1406","T39136"
"1407","T39434"
"1408","T39459"
"1409","T39461"
"1410","T39468"
"1411","T39469"
"1412","T39577"
"1413","T39612"
"1414","T39626"
"1415","T39713"
"1416","T39714"
"1417","T39778"
"1418","T39803"
"1419","T39834"
"1420","T39852"
"1421","T39853"
"1422","T39854"
"1423","T39855"
"1424","T39856"
"1425","T39864"
"1426","T3988"
"1427","T39903"
"1428","T4007"
"1429","T40097"
"1430","T40143"
"1431","T40171"
"1432","T40192"
"1433","T40230"
"1434","T40291"
"1435","T40552"
"1436","T40557"
"1437","T40583"
"1438","T4067"
"1439","T4070"
"1440","T40738"
"1441","T40767"
"1442","T40768"
"1443","T4080"
"1444","T4081"
"1445","T40956"
"1446","T40973"
"1447","T40977"
"1448","T40987"
"1449","T4118"
"1450","T4120"
"1451","T41210"
"1452","T4122"
"1453","T4123"
"1454","T4134"
"1455","T4135"
"1456","T4139"
"1457","T4142"
"1458","T41681"
"1459","T41725"
"1460","T41729"
"1461","T41730"
"1462","T41731"
"1463","T41732"
"1464","T41762"
"1465","T41774"
"1466","T41778"
"1467","T41824"
"1468","T41830"
"1469","T41838"
"1470","T41884"
"1471","T41909"
"1472","T41910"
"1473","T41911"
"1474","T41912"
"1475","T4201"
"1476","T42143"
"1477","T42336"
"1478","T42375"
"1479","T42381"
"1480","T42400"
"1481","T42426"
"1482","T42427"
"1483","T42770"
"1484","T42821"
"1485","T42873"
"1486","T43043"
"1487","T4312"
"1488","T4313"
"1489","T4460"
"1490","T4474"
"1491","T4507"
"1492","T4524"
"1493","T4640"
"1494","T4744"
"1495","T4785"
"1496","T4791"
"1497","T4827"
"1498","T4833"
"1499","T4840"
"1500","T4880"
"1501","T514"
"1502","T5296"
"1503","T5304"
"1504","T5333"
"1505","T5362"
"1506","T554"
"1507","T575"
"1508","T5786"
"1509","T5800"
"1510","T5804"
"1511","T5805"
"1512","T5808"
"1513","T5809"
"1514","T5814"
"1515","T5815"
"1516","T5816"
"1517","T5830"
"1518","T5831"
"1519","T5833"
"1520","T5834"
"1521","T5835"
"1522","T5836"
"1523","T585"
"1524","T5860"
"1525","T5861"
"1526","T5862"
"1527","T5866"
"1528","T5867"
"1529","T5868"
"1530","T5869"
"1531","T5871"
"1532","T5872"
"1533","T5873"
"1534","T5874"
"1535","T5880"
"1536","T5959"
"1537","T603"
"1538","T6193"
"1539","T6224"
"1540","T6272"
"1541","T6286"
"1542","T6287"
"1543","T6288"
"1544","T6289"
"1545","T6290"
"1546","T6295"
"1547","T6412"
"1548","T6475"
"1549","T711"
"1550","T7156"
"1551","T7174"
"1552","T7200"
"1553","T7630"
"1554","T7631"
"1555","T7947"
"1556","T8334"
"1557","T8357"
"1558","T8359"
"1559","T8361"
"1560","T8363"
"1561","T8393"
"1562","T857"
"1563","T870"
"1564","T8825"
"1565","T8841"
"1566","T8842"
"1567","T8843"
"1568","T8844"
"1569","T8851"
"1570","T8853"
"1571","T8855"
"1572","T886"
"1573","T8880"
"1574","T8881"
"1575","T8883"
"1576","T8885"
"1577","T8887"
"1578","T8891"
"1579","T8893"
"1580","T890"
"1581","T8944"
"1582","T9046"
"1583","T9088"
"1584","T9092"
"1585","T9139"
"1586","T915"
"1587","T9198"
"1588","T9257"
"1589","T9336"
"1590","T9337"
"1591","T9360"
"1592","T9361"
"1593","T9364"
"1594","T9365"
"1595","T9371"
"1596","T946"
"1597","T9521"
"1598","T9541"
"1599","T9562"
"1600","T9567"
"1601","T9569"
"1602","T9573"
"1603","T9587"
"1604","T9604"
"1605","T149208"
"1606","T149305"
"1607","T149593"
"1608","T149594"
"1609","T149673"
"1610","T149699"
"1611","T149729"
"1612","T149751"
"1613","T149775"
"1614","T149791"
"1615","T149820"
"1616","T149821"
"1617","T149869"
"1618","T149873"
"1619","T149940"
"1620","T150044"
"1621","T150062"
"1622","T150137"
"1623","T150142"
"1624","T150144"
"1625","T150187"
"1626","T150329"
"1627","T150440"
"1628","T150743"
"1629","T151063"
"1630","T151984"
"1631","T152072"
"1632","T152254"
"1633","T152301"
"1634","T152314"
"1635","T152603"
"1636","T152908"
"1637","T152953"
"1638","T152981"
"1639","T153029"
"1640","T153083"
"1641","T153291"
"1642","T153292"
"1643","T153293"
"1644","T153296"
"1645","T153297"
"1646","T153369"
"1647","T153415"
"1648","T153487"
"1649","T153566"
"1650","T153568"
"1651","T153614"
"1652","T153630"
"1653","T153669"
"1654","T153771"
"1655","T153926"
"1656","T154266"
"1657","T154267"
"1658","T154289"
"1659","T154308"
"1660","T154310"
"1661","T154311"
"1662","T154312"
"1663","T154313"
"1664","T154316"
"1665","T154317"
"1666","T154328"
"1667","T154330"
"1668","T154477"
"1669","T154541"
"1670","T154542"
"1671","T154544"
"1672","T154545"
"1673","T154546"
"1674","T154641"
"1675","T154791"
"1676","T155110"
"1677","T155122"
"1678","T155124"
"1679","T155206"
"1680","T155207"
"1681","T155208"
"1682","T155330"
"1683","T155331"
"1684","T155640"
"1685","T160065"
"1686","T160116"
"1687","T160153"
"1688","T160331"
"1689","T160386"
"1690","T160561"
"1691","T160571"
"1692","T160579"
"1693","T160586"
"1694","T160848"
"1695","T160914"
"1696","T161021"
"1697","T161022"
"1698","T161023"
"1699","T161032"
"1700","T161035"
"1701","T161036"
"1702","T161051"
"1703","T161062"
"1704","T161063"
"1705","T161065"
"1706","T161068"
"1707","T161133"
"1708","T162144"
"1709","T162209"
"1710","T162396"
"1711","T162751"
"1712","T163087"
"1713","T163094"
"1714","T163485"
"1715","T163580"
"1716","T163586"
"1717","T163679"
"1718","T163693"
"1719","T163718"
"1720","T163946"
"1721","T163969"
"1722","T164000"
"1723","T164024"
"1724","T164232"
"1725","T164247"
"1726","T164255"
"1727","T164265"
"1728","T164627"
"1729","T165095"
"1730","T165158"
"1731","T165161"
"1732","T165181"
"1733","T165186"
"1734","T165201"
"1735","T165234"
"1736","T165256"
"1737","T165324"
"1738","T165396"
"1739","T165538"
"1740","T165614"
"1741","T165811"
"1742","T165876"
"1743","T165877"
"1744","T165879"
"1745","T166122"
"1746","T166652"
"1747","T166653"
"1748","T166663"
"1749","T166796"
"1750","T167098"
"1751","T167170"
"1752","T167533"
"1753","T167535"
"1754","T167536"
"1755","T167543"
"1756","T167548"
"1757","T167558"
"1758","T167561"
"1759","T167650"
"1760","T167699"
"1761","T168058"
"1762","T168061"
"1763","T168108"
"1764","T168801"
"1765","T168925"
"1766","T168927"
"1767","T169040"
"1768","T169170"
"1769","T169447"
"1770","T169799"
"1771","T170390"
"1772","T170572"
"1773","T170804"
"1774","T170812"
"1775","T170919"
"1776","T171069"
"1777","T171358"
"1778","T171368"
"1779","T171478"
"1780","T171549"
"1781","T172027"
"1782","T172312"
"1783","T172390"
"1784","T173044"
"1785","T173222"
"1786","T173761"
"1787","T174314"
"1788","T174491"
"1789","T174652"
"1790","T174869"
"1791","T175062"
"1792","T175130"
"1793","T175338"
"1794","T175401"
"1795","T175667"
"1796","T175880"
"1797","T176040"
"1798","T176462"
"1799","T176464"
"1800","T176554"
"1801","T176756"
"1802","T176965"
"1803","T176987"
"1804","T177160"
"1805","T177163"
"1806","T177180"
"1807","T177330"
"1808","T177345"
"1809","T177409"
"1810","T177533"
"1811","T177640"
"1812","T177671"
"1813","T178296"
"1814","T178604"
"1815","T178800"
"1816","T178984"
"1817","T178997"
"1818","T179584"
"1819","T179859"
"1820","T180032"
"1821","T180110"
"1822","T180162"
"1823","T180363"
"1824","T180584"
"1825","T180593"
"1826","T181062"
"1827","T181064"
"1828","T181106"
"1829","T181113"
"1830","T181119"
"1831","T181152"
"1832","T181284"
"1833","T181354"
"1834","T181791"
"1835","T181852"
"1836","T182082"
"1837","T182234"
"1838","T182641"
"1839","T183306"
"1840","T183511"
"1841","T183953"
"1842","T183960"
"1843","T184045"
"1844","T184122"
"1845","T184226"
"1846","T184247"
"1847","T184265"
"1848","T184693"
"1849","T184722"
"1850","T185133"
"1851","T185154"
"1852","T185162"
"1853","T185332"
"1854","T185672"
"1855","T185819"
"1856","T185920"
"1857","T186016"
"1858","T186602"
"1859","T186607"
"1860","T186773"
"1861","T186889"
"1862","T187039"
"1863","T187076"
"1864","T187080"
"1865","T187099"
"1866","T188168"
"1867","T188169"
"1868","T188419"
"1869","T188576"
"1870","T188643"
"1871","T189023"
"1872","T189713"
"1873","T190176"
"1874","T190261"
"1875","T191010"
"1876","T191124"
"1877","T191190"
"1878","T191374"
"1879","T191607"
"1880","T193624"
"1881","T193661"
"1882","T193714"
"1883","T193720"
"1884","T194733"
"1885","T194895"
"1886","T194929"
"1887","T194997"
"1888","T195034"
"1889","T195053"
"1890","T195142"
"1891","T195226"
"1892","T195871"
"1893","T196288"
"1894","T196669"
"1895","T196778"
"1896","T197202"
"1897","T197417"
"1898","T197983"
"1899","T198222"
"1900","T198248"
"1901","T198850"
"1902","T199384"
"1903","T199797"
"1904","T199802"
"1905","T199854"
"1906","T200179"
"1907","T200356"
"1908","T200414"
"1909","T200696"
"1910","T200804"
"1911","T200862"
"1912","T200931"
"1913","T200932"
"1914","T200934"
"1915","T200935"
"1916","T201250"
"1917","T201376"
"1918","T201934"
"1919","T201953"
"1920","T202410"
"1921","T202828"
"1922","T205259"
"1923","T206609"
"1924","T207376"
"1925","T207409"
"1926","T207794"
"1927","T207800"
"1928","T208092"
"1929","T208397"
"1930","T208598"
"1931","T209031"
"1932","T209373"
"1933","T209379"
"1934","T210075"
"1935","T210609"
"1936","T210634"
"1937","T210972"
"1938","T211408"
"1939","T211527"
"1940","T211577"
"1941","T212370"
"1942","T212925"
"1943","T212941"
"1944","T212945"
"1945","T212948"
"1946","T212949"
"1947","T212950"
"1948","T212951"
"1949","T212952"
"1950","T212957"
"1951","T212959"
"1952","T212965"
"1953","T212966"
"1954","T212968"
"1955","T212970"
"1956","T212973"
"1957","T212985"
"1958","T212990"
"1959","T213002"
"1960","T213010"
"1961","T213033"
"1962","T213203"
"1963","T213207"
"1964","T213215"
"1965","T213218"
"1966","T213219"
"1967","T213261"
"1968","T213264"
"1969","T213288"
"1970","T213289"
"1971","T213302"
"1972","T213304"
"1973","T213305"
"1974","T213312"
"1975","T213332"
"1976","T213333"
"1977","T213335"
"1978","T213337"
"1979","T213338"
"1980","T213341"
"1981","T213344"
"1982","T213349"
"1983","T213350"
"1984","T213352"
"1985","T213353"
"1986","T213354"
"1987","T213355"
"1988","T213356"
"1989","T213357"
"1990","T213387"
"1991","T213419"
"1992","T213420"
"1993","T213426"
"1994","T213455"
"1995","T213461"
"1996","T213462"
"1997","T213468"
"1998","T213469"
"1999","T213479"
"2000","T213481"
"2001","T213493"
"2002","T213495"
"2003","T213496"
"2004","T213497"
"2005","T213499"
"2006","T213500"
"2007","T213508"
"2008","T213670"
"2009","T213883"
"2010","T214047"
"2011","T214051"
"2012","T214053"
"2013","T214059"
"2014","T215073"
"2015","T215223"
"2016","T215508"
"2017","T216059"
"2018","T216091"
"2019","T216093"
"2020","T216102"
"2021","T216103"
"2022","T216111"
"2023","T216117"
"2024","T216167"
"2025","T216194"
"2026","T216196"
"2027","T216197"
"2028","T216226"
"2029","T216416"
"2030","T216428"
"2031","T216452"
"2032","T216476"
"2033","T216494"
"2034","T218004"
"2035","T218150"
"2036","T218354"
"2037","T219031"
"2038","T219495"
"2039","T220639"
"2040","T220641"
"2041","T221165"
"2042","T221253"
"2043","T222841"
"2044","T222875"
"2045","T223043"
"2046","T223107"
"2047","T223169"
"2048","T223177"
"2049","T223182"
"2050","T223273"
"2051","T223808"
"2052","T224458"
"2053","T224574"
"2054","T225467"
"2055","T225575"
"2056","T225786"
"2057","T225794"
"2058","T225955"
"2059","T226090"
"2060","T226210"
"2061","T226799"
"2062","T227058"
"2063","T227253"
"2064","T229438"
"2065","T52884"
"2066","T52972"
"2067","T52978"
"2068","T53033"
"2069","T53034"
"2070","T53212"
"2071","T53216"
"2072","T53336"
"2073","T53390"
"2074","T53411"
"2075","T53426"
"2076","T53443"
"2077","T53486"
"2078","T53517"
"2079","T53566"
"2080","T53567"
"2081","T53568"
"2082","T53569"
"2083","T53579"
"2084","T53749"
"2085","T53755"
"2086","T53756"
"2087","T53757"
"2088","T53761"
"2089","T53798"
"2090","T53803"
"2091","T53898"
"2092","T53900"
"2093","T53908"
"2094","T53922"
"2095","T54235"
"2096","T54247"
"2097","T54259"
"2098","T54271"
"2099","T54354"
"2100","T54399"
"2101","T54560"
"2102","T54573"
"2103","T54583"
"2104","T54586"
"2105","T54651"
"2106","T54689"
"2107","T54690"
"2108","T54692"
"2109","T54693"
"2110","T54694"
"2111","T54695"
"2112","T54779"
"2113","T55040"
"2114","T55055"
"2115","T55086"
"2116","T55091"
"2117","T55139"
"2118","T55140"
"2119","T55183"
"2120","T55233"
"2121","T55241"
"2122","T55254"
"2123","T55289"
"2124","T55301"
"2125","T55302"
"2126","T55304"
"2127","T55305"
"2128","T55306"
"2129","T55307"
"2130","T55308"
"2131","T55309"
"2132","T55310"
"2133","T55311"
"2134","T55312"
"2135","T55315"
"2136","T55317"
"2137","T55318"
"2138","T55320"
"2139","T55321"
"2140","T55322"
"2141","T55361"
"2142","T55402"
"2143","T55416"
"2144","T55417"
"2145","T55461"
"2146","T55484"
"2147","T55565"
"2148","T55599"
"2149","T55602"
"2150","T55603"
"2151","T55607"
"2152","T55633"
"2153","T55634"
"2154","T55635"
"2155","T55671"
"2156","T55718"
"2157","T55752"
"2158","T55907"
"2159","T55970"
"2160","T56038"
"2161","T56039"
"2162","T56067"
"2163","T56082"
"2164","T56084"
"2165","T56095"
"2166","T56100"
"2167","T56115"
"2168","T56261"
"2169","T56262"
"2170","T56263"
"2171","T56387"
"2172","T56388"
"2173","T56425"
"2174","T56438"
"2175","T56442"
"2176","T56443"
"2177","T56444"
"2178","T56446"
"2179","T56450"
"2180","T56451"
"2181","T56596"
"2182","T56598"
"2183","T56600"
"2184","T56601"
"2185","T56602"
"2186","T56606"
"2187","T56669"
"2188","T56712"
"2189","T56744"
"2190","T56789"
"2191","T56854"
"2192","T56856"
"2193","T56866"
"2194","T56909"
"2195","T56977"
"2196","T57038"
"2197","T57061"
"2198","T57075"
"2199","T57082"
"2200","T57084"
"2201","T57090"
"2202","T57092"
"2203","T57093"
"2204","T57096"
"2205","T57182"
"2206","T57183"
"2207","T57184"
"2208","T57185"
"2209","T57189"
"2210","T57190"
"2211","T57196"
"2212","T57365"
"2213","T57419"
"2214","T57420"
"2215","T57548"
"2216","T57552"
"2217","T57635"
"2218","T57740"
"2219","T57741"
"2220","T57743"
"2221","T57753"
"2222","T57754"
"2223","T57755"
"2224","T57757"
"2225","T57758"
"2226","T57759"
"2227","T57760"
"2228","T57761"
"2229","T57762"
"2230","T57764"
"2231","T57765"
"2232","T57766"
"2233","T57767"
"2234","T57768"
"2235","T57823"
"2236","T57824"
"2237","T57976"
"2238","T57998"
"2239","T57999"
"2240","T58071"
"2241","T58110"
"2242","T58124"
"2243","T58130"
"2244","T58132"
"2245","T58133"
"2246","T58146"
"2247","T58173"
"2248","T58314"
"2249","T58315"
"2250","T58316"
"2251","T58318"
"2252","T58635"
"2253","T58711"
"2254","T58714"
"2255","T58807"
"2256","T58825"
"2257","T58890"
"2258","T59132"
"2259","T59163"
"2260","T59227"
"2261","T59327"
"2262","T59334"
"2263","T59412"
"2264","T59413"
"2265","T59414"
"2266","T59416"
"2267","T59422"
"2268","T59433"
"2269","T59435"
"2270","T59582"
"2271","T59676"
"2272","T59733"
"2273","T59848"
"2274","T59853"
"2275","T59899"
"2276","T60032"
"2277","T60044"
"2278","T60052"
"2279","T60068"
"2280","T60070"
"2281","T60084"
"2282","T60374"
"2283","T60454"
"2284","T60456"
"2285","T60457"
"2286","T60459"
"2287","T60460"
"2288","T60461"
"2289","T60590"
"2290","T60593"
"2291","T60656"
"2292","T60728"
"2293","T60738"
"2294","T60748"
"2295","T60820"
"2296","T60828"
"2297","T60862"
"2298","T60884"
"2299","T60964"
"2300","T61072"
"2301","T61077"
"2302","T61136"
"2303","T61140"
"2304","T61193"
"2305","T61206"
"2306","T61218"
"2307","T61248"
"2308","T61270"
"2309","T61352"
"2310","T61353"
"2311","T61369"
"2312","T61374"
"2313","T61375"
"2314","T61376"
"2315","T61482"
"2316","T61508"
"2317","T61513"
"2318","T61858"
"2319","T61859"
"2320","T62003"
"2321","T62239"
"2322","T62293"
"2323","T62314"
"2324","T62315"
"2325","T62316"
"2326","T62317"
"2327","T62318"
"2328","T62319"
"2329","T62320"
"2330","T62321"
"2331","T62322"
"2332","T62323"
"2333","T62332"
"2334","T62333"
"2335","T62334"
"2336","T62335"
"2337","T62669"
"2338","T62671"
"2339","T62672"
"2340","T62790"
"2341","T62793"
"2342","T62996"
"2343","T63004"
"2344","T63081"
"2345","T63082"
"2346","T63090"
"2347","T63095"
"2348","T63101"
"2349","T63147"
"2350","T63148"
"2351","T63266"
"2352","T63272"
"2353","T63351"
"2354","T63354"
"2355","T63355"
"2356","T63368"
"2357","T63423"
"2358","T63429"
"2359","T63484"
"2360","T63492"
"2361","T63493"
"2362","T63522"
"2363","T63646"
"2364","T63772"
"2365","T63884"
"2366","T63903"
"2367","T63904"
"2368","T63959"
"2369","T64057"
"2370","T64121"
"2371","T64229"
"2372","T64284"
"2373","T64316"
"2374","T64338"
"2375","T64405"
"2376","T64466"
"2377","T64467"
"2378","T64481"
"2379","T64482"
"2380","T64483"
"2381","T64484"
"2382","T64499"
"2383","T64500"
"2384","T64560"
"2385","T64601"
"2386","T64680"
"2387","T64753"
"2388","T64845"
"2389","T65090"
"2390","T65241"
"2391","T65268"
"2392","T65387"
"2393","T65397"
"2394","T65400"
"2395","T65410"
"2396","T65482"
"2397","T65487"
"2398","T65516"
"2399","T65560"
"2400","T65571"
"2401","T65763"
"2402","T65765"
"2403","T65766"
"2404","T65767"
"2405","T65769"
"2406","T65776"
"2407","T65779"
"2408","T65784"
"2409","T65785"
"2410","T65789"
"2411","T65794"
"2412","T65836"
"2413","T65879"
"2414","T65880"
"2415","T65912"
"2416","T65913"
"2417","T66082"
"2418","T66092"
"2419","T66146"
"2420","T66148"
"2421","T66262"
"2422","T66401"
"2423","T66417"
"2424","T66501"
"2425","T66535"
"2426","T66545"
"2427","T66558"
"2428","T66569"
"2429","T66570"
"2430","T66776"
"2431","T66817"
"2432","T66818"
"2433","T66820"
"2434","T66850"
"2435","T66875"
"2436","T66952"
"2437","T67077"
"2438","T67084"
"2439","T67088"
"2440","T67245"
"2441","T67327"
"2442","T67355"
"2443","T67466"
"2444","T67606"
"2445","T67608"
"2446","T67621"
"2447","T67622"
"2448","T67623"
"2449","T67625"
"2450","T67808"
"2451","T67975"
"2452","T68032"
"2453","T68037"
"2454","T68069"
"2455","T68324"
"2456","T68337"
"2457","T68444"
"2458","T68445"
"2459","T68470"
"2460","T68505"
"2461","T68570"
"2462","T68589"
"2463","T68627"
"2464","T68632"
"2465","T68660"
"2466","T68667"
"2467","T68693"
"2468","T68919"
"2469","T68970"
"2470","T68977"
"2471","T68979"
"2472","T68980"
"2473","T68982"
"2474","T68986"
"2475","T68987"
"2476","T68988"
"2477","T68989"
"2478","T68991"
"2479","T69005"
"2480","T69007"
"2481","T69008"
"2482","T69009"
"2483","T69010"
"2484","T69011"
"2485","T69012"
"2486","T69013"
"2487","T69080"
"2488","T69081"
"2489","T69143"
"2490","T69144"
"2491","T69213"
"2492","T69329"
"2493","T69330"
"2494","T69333"
"2495","T69334"
"2496","T69337"
"2497","T69341"
"2498","T69387"
"2499","T69542"
"2500","T69552"
"2501","T69635"
"2502","T69646"
"2503","T69653"
"2504","T69665"
"2505","T70030"
"2506","T70031"
"2507","T70032"
"2508","T70096"
"2509","T70101"
"2510","T70109"
"2511","T70110"
"2512","T70111"
"2513","T70112"
"2514","T70113"
"2515","T70171"
"2516","T70172"
"2517","T70176"
"2518","T70179"
"2519","T70225"
"2520","T70247"
"2521","T70338"
"2522","T70339"
"2523","T70342"
"2524","T70385"
"2525","T70420"
"2526","T70480"
"2527","T70490"
"2528","T70497"
"2529","T70498"
"2530","T70575"
"2531","T70585"
"2532","T70623"
"2533","T70717"
"2534","T70838"
"2535","T70839"
"2536","T70844"
"2537","T70847"
"2538","T70848"
"2539","T70851"
"2540","T70852"
"2541","T70853"
"2542","T70854"
"2543","T70855"
"2544","T70856"
"2545","T70857"
"2546","T70919"
"2547","T70931"
"2548","T71040"
"2549","T71062"
"2550","T71066"
"2551","T71067"
"2552","T71143"
"2553","T71145"
"2554","T71148"
"2555","T71204"
"2556","T71218"
"2557","T71242"
"2558","T71277"
"2559","T71279"
"2560","T71382"
"2561","T71484"
"2562","T71575"
"2563","T71725"
"2564","T71727"
"2565","T71743"
"2566","T71876"
"2567","T71908"
"2568","T71909"
"2569","T71933"
"2570","T71934"
"2571","T71959"
"2572","T71960"
"2573","T71963"
"2574","T72014"
"2575","T72015"
"2576","T72099"
"2577","T72102"
"2578","T72218"
"2579","T72225"
"2580","T72234"
"2581","T72235"
"2582","T72245"
"2583","T72261"
"2584","T72264"
"2585","T72266"
"2586","T72268"
"2587","T72276"
"2588","T72281"
"2589","T72284"
"2590","T72285"
"2591","T72286"
"2592","T72287"
"2593","T72288"
"2594","T72289"
"2595","T72292"
"2596","T72293"
"2597","T72295"
"2598","T72353"
"2599","T72469"
"2600","T72473"
"2601","T72487"
"2602","T72508"
"2603","T72510"
"2604","T72514"
"2605","T72515"
"2606","T72681"
"2607","T72764"
"2608","T72770"
"2609","T72787"
"2610","T72791"
"2611","T72826"
"2612","T72976"
"2613","T72991"
"2614","T73016"
"2615","T73036"
"2616","T73039"
"2617","T73043"
"2618","T73046"
"2619","T73047"
"2620","T73097"
"2621","T73107"
"2622","T73109"
"2623","T73275"
"2624","T73276"
"2625","T73401"
"2626","T73412"
"2627","T73491"
"2628","T73501"
"2629","T73925"
"2630","T73926"
"2631","T74038"
"2632","T74052"
"2633","T74071"
"2634","T74281"
"2635","T74297"
"2636","T74410"
"2637","T74520"
"2638","T74573"
"2639","T74634"
"2640","T74647"
"2641","T74649"
"2642","T74894"
"2643","T74963"
"2644","T75077"
"2645","T75080"
"2646","T75085"
"2647","T75087"
"2648","T75094"
"2649","T75099"
"2650","T75123"
"2651","T75125"
"2652","T75281"
"2653","T75282"
"2654","T75338"
"2655","T75457"
"2656","T75655"
"2657","T75732"
"2658","T75757"
"2659","T75772"
"2660","T75779"
"2661","T75790"
"2662","T75815"
"2663","T76051"
"2664","T76052"
"2665","T76054"
"2666","T76081"
"2667","T76098"
"2668","T76141"
"2669","T76150"
"2670","T76151"
"2671","T76220"
"2672","T76290"
"2673","T76330"
"2674","T76332"
"2675","T76333"
"2676","T76532"
"2677","T76619"
"2678","T76795"
"2679","T76873"
"2680","T76907"
"2681","T76959"
"2682","T76961"
"2683","T76969"
"2684","T76977"
"2685","T76987"
"2686","T76989"
"2687","T76990"
"2688","T76992"
"2689","T76996"
"2690","T76997"
"2691","T77013"
"2692","T77022"
"2693","T77023"
"2694","T77024"
"2695","T77028"
"2696","T77044"
"2697","T77051"
"2698","T77175"
"2699","T77290"
"2700","T77291"
"2701","T77295"
"2702","T77303"
"2703","T77304"
"2704","T77429"
"2705","T77438"
"2706","T77495"
"2707","T77576"
"2708","T77675"
"2709","T77698"
"2710","T77701"
"2711","T77702"
"2712","T77705"
"2713","T77706"
"2714","T77728"
"2715","T77863"
"2716","T77984"
"2717","T77988"
"2718","T78005"
"2719","T78027"
"2720","T78049"
"2721","T78050"
"2722","T78058"
"2723","T78081"
"2724","T78088"
"2725","T78100"
"2726","T78254"
"2727","T78322"
"2728","T78349"
"2729","T78570"
"2730","T78581"
"2731","T78591"
"2732","T78619"
"2733","T78623"
"2734","T78624"
"2735","T78627"
"2736","T78794"
"2737","T78841"
"2738","T78874"
"2739","T78908"
"2740","T78909"
"2741","T78927"
"2742","T78929"
"2743","T78932"
"2744","T78950"
"2745","T78952"
"2746","T78953"
"2747","T78954"
"2748","T78955"
"2749","T78956"
"2750","T78957"
"2751","T78958"
"2752","T78959"
"2753","T78960"
"2754","T78961"
"2755","T78962"
"2756","T78963"
"2757","T78964"
"2758","T78965"
"2759","T78966"
"2760","T78967"
"2761","T78968"
"2762","T78969"
"2763","T78985"
"2764","T78987"
"2765","T78989"
"2766","T79028"
"2767","T79039"
"2768","T79049"
"2769","T79059"
"2770","T79214"
"2771","T79232"
"2772","T79285"
"2773","T79287"
"2774","T79313"
"2775","T79373"
"2776","T79383"
"2777","T79403"
"2778","T79406"
"2779","T79407"
"2780","T79443"
"2781","T79503"
"2782","T79696"
"2783","T79697"
"2784","T79698"
"2785","T79767"
"2786","T79850"
"2787","T79896"
"2788","T80193"
"2789","T80343"
"2790","T80346"
"2791","T80351"
"2792","T80380"
"2793","T80475"
"2794","T80552"
"2795","T80586"
"2796","T80835"
"2797","T80838"
"2798","T80887"
"2799","T80888"
"2800","T80889"
"2801","T80890"
"2802","T80892"
"2803","T80993"
"2804","T81155"
"2805","T81514"
"2806","T81516"
"2807","T81517"
"2808","T81620"
"2809","T81646"
"2810","T81835"
"2811","T81840"
"2812","T81841"
"2813","T81894"
"2814","T81897"
"2815","T81923"
"2816","T81925"
"2817","T81944"
"2818","T81996"
"2819","T82008"
"2820","T82009"
"2821","T82011"
"2822","T82064"
"2823","T82104"
"2824","T82163"
"2825","T82183"
"2826","T82192"
"2827","T82375"
"2828","T82411"
"2829","T82418"
"2830","T82419"
"2831","T82445"
"2832","T82466"
"2833","T82468"
"2834","T82469"
"2835","T82471"
"2836","T82472"
"2837","T82473"
"2838","T82475"
"2839","T82476"
"2840","T82477"
"2841","T82481"
"2842","T82482"
"2843","T82483"
"2844","T82622"
"2845","T82623"
"2846","T82669"
"2847","T82781"
"2848","T82782"
"2849","T82810"
"2850","T82888"
"2851","T82890"
"2852","T82916"
"2853","T82917"
"2854","T82931"
"2855","T82993"
"2856","T82994"
"2857","T82999"
"2858","T83038"
"2859","T83040"
"2860","T83115"
"2861","T83154"
"2862","T83235"
"2863","T83249"
"2864","T83251"
"2865","T83253"
"2866","T83254"
"2867","T83255"
"2868","T83257"
"2869","T83365"
"2870","T83376"
"2871","T83382"
"2872","T83386"
"2873","T83394"
"2874","T83500"
"2875","T83506"
"2876","T83618"
"2877","T83627"
"2878","T83636"
"2879","T83681"
"2880","T83700"
"2881","T83706"
"2882","T83788"
"2883","T83794"
"2884","T83806"
"2885","T83821"
"2886","T83822"
"2887","T83835"
"2888","T83836"
"2889","T83887"
"2890","T83934"
"2891","T83955"
"2892","T83965"
"2893","T83989"
"2894","T84022"
"2895","T84049"
"2896","T84115"
"2897","T84116"
"2898","T84209"
"2899","T84211"
"2900","T84427"
"2901","T84432"
"2902","T84445"
"2903","T84477"
"2904","T84479"
"2905","T84574"
"2906","T84581"
"2907","T84582"
"2908","T84674"
"2909","T84679"
"2910","T84684"
"2911","T84685"
"2912","T84726"
"2913","T84770"
"2914","T84808"
"2915","T84843"
"2916","T84899"
"2917","T84976"
"2918","T84988"
"2919","T84989"
"2920","T84990"
"2921","T85059"
"2922","T85071"
"2923","T85088"
"2924","T85094"
"2925","T85261"
"2926","T85262"
"2927","T85284"
"2928","T85285"
"2929","T85320"
"2930","T85324"
"2931","T85328"
"2932","T85332"
"2933","T85343"
"2934","T85360"
"2935","T85410"
"2936","T85435"
"2937","T85517"
"2938","T85634"
"2939","T85674"
"2940","T85692"
"2941","T85745"
"2942","T85755"
"2943","T85757"
"2944","T85792"
"2945","T85825"
"2946","T85836"
"2947","T85846"
"2948","T85851"
"2949","T85855"
"2950","T85861"
"2951","T85870"
"2952","T85895"
"2953","T85923"
"2954","T85928"
"2955","T86051"
"2956","T86119"
"2957","T86138"
"2958","T86141"
"2959","T86157"
"2960","T86192"
"2961","T86230"
"2962","T86241"
"2963","T86336"
"2964","T86535"
"2965","T86537"
"2966","T86655"
"2967","T86659"
"2968","T86660"
"2969","T86661"
"2970","T86841"
"2971","T86937"
"2972","T86975"
"2973","T86977"
"2974","T86992"
"2975","T87008"
"2976","T87009"
"2977","T87029"
"2978","T87030"
"2979","T87041"
"2980","T87047"
"2981","T87051"
"2982","T87074"
"2983","T87090"
"2984","T87099"
"2985","T87101"
"2986","T87102"
"2987","T87170"
"2988","T87464"
"2989","T87515"
"2990","T87555"
"2991","T87670"
"2992","T87733"
"2993","T87804"
"2994","T87806"
"2995","T87836"
"2996","T87839"
"2997","T87862"
"2998","T87878"
"2999","T87880"
"3000","T87885"
"3001","T87912"
"3002","T87972"
"3003","T87973"
"3004","T87974"
"3005","T87975"
"3006","T87976"
"3007","T87978"
"3008","T87987"
"3009","T87991"
"3010","T88108"
"3011","T88130"
"3012","T88187"
"3013","T88257"
"3014","T88284"
"3015","T88285"
"3016","T88288"
"3017","T88289"
"3018","T88331"
"3019","T88338"
"3020","T88342"
"3021","T88346"
"3022","T88371"
"3023","T88372"
"3024","T88373"
"3025","T88398"
"3026","T88435"
"3027","T88438"
"3028","T88439"
"3029","T88479"
"3030","T88562"
"3031","T88598"
"3032","T88703"
"3033","T88707"
"3034","T88712"
"3035","T88713"
"3036","T88727"
"3037","T88728"
"3038","T88973"
"3039","T89067"
"3040","T89068"
"3041","T89089"
"3042","T89105"
"3043","T89134"
"3044","T89156"
"3045","T89159"
"3046","T89160"
"3047","T89162"
"3048","T89187"
"3049","T89214"
"3050","T89235"
"3051","T89321"
"3052","T89354"
"3053","T89447"
"3054","T89468"
"3055","T89475"
"3056","T89478"
"3057","T89479"
"3058","T89522"
"3059","T89543"
"3060","T89545"
"3061","T89552"
"3062","T89671"
"3063","T89707"
"3064","T89717"
"3065","T89718"
"3066","T89719"
"3067","T89758"
"3068","T89813"
"3069","T89819"
"3070","T89820"
"3071","T89918"
"3072","T89919"
"3073","T89920"
"3074","T90018"
"3075","T90022"
"3076","T90023"
"3077","T90024"
"3078","T90025"
"3079","T90026"
"3080","T90033"
"3081","T90053"
"3082","T90067"
"3083","T90080"
"3084","T90086"
"3085","T90185"
"3086","T90278"
"3087","T90280"
"3088","T90301"
"3089","T90316"
"3090","T90431"
"3091","T90432"
"3092","T90437"
"3093","T90438"
"3094","T90442"
"3095","T90443"
"3096","T90451"
"3097","T90453"
"3098","T90462"
"3099","T90485"
"3100","T90488"
"3101","T90490"
"3102","T90534"
"3103","T90548"
"3104","T90550"
"3105","T90659"
"3106","T90790"
"3107","T90791"
"3108","T90792"
"3109","T90793"
"3110","T90794"
"3111","T90815"
"3112","T90830"
"3113","T90871"
"3114","T90872"
"3115","T91026"
"3116","T91201"
"3117","T91204"
"3118","T91205"
"3119","T91221"
"3120","T91253"
"3121","T91267"
"3122","T91280"
"3123","T91287"
"3124","T91288"
"3125","T91346"
"3126","T91361"
"3127","T91437"
"3128","T91442"
"3129","T91457"
"3130","T91560"
"3131","T91686"
"3132","T92045"
"3133","T92109"
"3134","T92222"
"3135","T92234"
"3136","T92281"
"3137","T92284"
"3138","T92402"
"3139","T92403"
"3140","T92418"
"3141","T92512"
"3142","T92514"
"3143","T92524"
"3144","T92588"
"3145","T92617"
"3146","T92655"
"3147","T92656"
"3148","T92670"
"3149","T92791"
"3150","T92801"
"3151","T92820"
"3152","T92832"
"3153","T92836"
"3154","T92917"
"3155","T92926"
"3156","T92928"
"3157","T92936"
"3158","T92992"
"3159","T92993"
"3160","T93024"
"3161","T93173"
"3162","T93276"
"3163","T93374"
"3164","T93375"
"3165","T93387"
"3166","T93394"
"3167","T93413"
"3168","T93451"
"3169","T93482"
"3170","T93486"
"3171","T93490"
"3172","T93598"
"3173","T93610"
"3174","T93611"
"3175","T93615"
"3176","T93627"
"3177","T93629"
"3178","T93697"
"3179","T93846"
"3180","T93850"
"3181","T93866"
"3182","T93938"
"3183","T93947"
"3184","T93953"
"3185","T93966"
"3186","T93974"
"3187","T93975"
"3188","T93976"
"3189","T94012"
"3190","T94069"
"3191","T94136"
"3192","T94239"
"3193","T94305"
"3194","T94380"
"3195","T94556"
"3196","T94595"
"3197","T94596"
"3198","T94597"
"3199","T94598"
"3200","T94600"
"3201","T94718"
"3202","T94798"
"3203","T94799"
"3204","T94800"
"3205","T94801"
"3206","T94802"
"3207","T94803"
"3208","T94833"
"3209","T94837"
"3210","T94852"
"3211","T94856"
"3212","T94857"
"3213","T95027"
"3214","T95114"
"3215","T95115"
"3216","T95117"
"3217","T95118"
"3218","T95120"
"3219","T95231"
"3220","T95232"
"3221","T95265"
"3222","T95290"
"3223","T95291"
"3224","T95379"
"3225","T95380"
"3226","T95381"
"3227","T95382"
"3228","T95383"
"3229","T95384"
"3230","T95404"
"3231","T95417"
"3232","T95587"
"3233","T95609"
"3234","T95674"
"3235","T95696"
"3236","T95707"
"3237","T95717"
"3238","T95731"
"3239","T95753"
"3240","T95755"
"3241","T95774"
"3242","T95789"
"3243","T95858"
"3244","T95862"
"3245","T95863"
"3246","T95864"
"3247","T95874"
"3248","T95961"
"3249","T95962"
"3250","T95973"
"3251","T95974"
"3252","T95977"
"3253","T95990"
"3254","T96065"
"3255","T96070"
"3256","T96097"
"3257","T96216"
"3258","T96252"
"3259","T96311"
"3260","T96333"
"3261","T96345"
"3262","T96358"
"3263","T96377"
"3264","T96378"
"3265","T96398"
"3266","T96462"
"3267","T96511"
"3268","T96513"
"3269","T96532"
"3270","T96600"
"3271","T96626"
"3272","T96661"
"3273","T96668"
"3274","T96670"
"3275","T96677"
"3276","T96679"
"3277","T96688"
"3278","T96709"
"3279","T96710"
"3280","T96716"
"3281","T96719"
"3282","T96853"
"3283","T96863"
"3284","T96879"
"3285","T97047"
"3286","T97095"
"3287","T97099"
"3288","T97125"
"3289","T97132"
"3290","T97133"
"3291","T97290"
"3292","T97316"
"3293","T97380"
"3294","T97550"
"3295","T97587"
"3296","T97604"
"3297","T97653"
"3298","T97654"
"3299","T97665"
"3300","T97680"
"3301","T97710"
"3302","T97715"
"3303","T97737"
"3304","T97745"
"3305","T97747"
"3306","T97749"
"3307","T97756"
"3308","T97760"
"3309","T97763"
"3310","T97765"
"3311","T97773"
"3312","T97779"
"3313","T97780"
"3314","T97806"
"3315","T97809"
"3316","T97843"
"3317","T97846"
"3318","T97875"
"3319","T97884"
"3320","T97895"
"3321","T97898"
"3322","T97901"
"3323","T97942"
"3324","T97968"
"3325","T98030"
"3326","T98080"
"3327","T98093"
"3328","T98100"
"3329","T98117"
"3330","T98137"
"3331","T98191"
"3332","T98238"
"3333","T98385"
"3334","T98458"
"3335","T98540"
"3336","T98541"
"3337","T98569"
"3338","T98570"
"3339","T98592"
"3340","T98598"
"3341","T98600"
"3342","T98604"
"3343","T98678"
"3344","T98714"
"3345","T98780"
"3346","T98781"
"3347","T98789"
"3348","T98795"
"3349","T98796"
"3350","T98797"
"3351","T98888"
"3352","T98949"
"3353","T99047"
"3354","T99105"
"3355","T99118"
"3356","T99184"
"3357","T99202"
"3358","T99208"
"3359","T99211"
"3360","T99360"
"3361","T99495"
"3362","T99496"
"3363","T99526"
"3364","T99535"
"3365","T99537"
"3366","T99541"
"3367","T99549"
"3368","T99551"
"3369","T99557"
"3370","T99584"
"3371","T99597"
"3372","T99601"
"3373","T99619"
"3374","T99695"
"3375","T99711"
"3376","T99745"
"3377","T99762"
"3378","T99804"
"3379","T99825"
"3380","T99873"
"3381","T99924"
"3382","T99984"
"3383","T99998"
"3384","T100031"
"3385","T100080"
"3386","T100081"
"3387","T100085"
"3388","T100086"
"3389","T100095"
"3390","T100096"
"3391","T100109"
"3392","T100120"
"3393","T100125"
"3394","T100156"
"3395","T100164"
"3396","T100186"
"3397","T100326"
"3398","T100406"
"3399","T100407"
"3400","T100408"
"3401","T100494"
"3402","T100500"
"3403","T100516"
"3404","T100533"
"3405","T100537"
"3406","T100618"
"3407","T100620"
"3408","T100651"
"3409","T100687"
"3410","T100693"
"3411","T100773"
"3412","T100906"
"3413","T100918"
"3414","T100927"
"3415","T101039"
"3416","T101040"
"3417","T101041"
"3418","T101057"
"3419","T101059"
"3420","T101118"
"3421","T101124"
"3422","T101200"
"3423","T101201"
"3424","T101223"
"3425","T101297"
"3426","T101303"
"3427","T101314"
"3428","T101345"
"3429","T101521"
"3430","T101742"
"3431","T101762"
"3432","T101771"
"3433","T101912"
"3434","T101913"
"3435","T102051"
"3436","T102103"
"3437","T102140"
"3438","T102141"
"3439","T102142"
"3440","T102215"
"3441","T102231"
"3442","T102232"
"3443","T102253"
"3444","T102352"
"3445","T102372"
"3446","T102379"
"3447","T102429"
"3448","T102460"
"3449","T102463"
"3450","T102464"
"3451","T102467"
"3452","T102469"
"3453","T102471"
"3454","T102482"
"3455","T102487"
"3456","T102494"
"3457","T102495"
"3458","T102503"
"3459","T102524"
"3460","T102525"
"3461","T102543"
"3462","T102662"
"3463","T102676"
"3464","T102678"
"3465","T102680"
"3466","T102683"
"3467","T102685"
"3468","T102687"
"3469","T102688"
"3470","T102712"
"3471","T102713"
"3472","T102732"
"3473","T102733"
"3474","T102753"
"3475","T102769"
"3476","T102775"
"3477","T102776"
"3478","T102781"
"3479","T102784"
"3480","T102788"
"3481","T102789"
"3482","T102790"
"3483","T102791"
"3484","T102822"
"3485","T102857"
"3486","T102867"
"3487","T102874"
"3488","T102910"
"3489","T102932"
"3490","T102933"
"3491","T103001"
"3492","T103002"
"3493","T103010"
"3494","T103024"
"3495","T103088"
"3496","T103102"
"3497","T103120"
"3498","T103152"
"3499","T103222"
"3500","T103261"
"3501","T103262"
"3502","T103306"
"3503","T103332"
"3504","T103333"
"3505","T103334"
"3506","T103346"
"3507","T103366"
"3508","T103396"
"3509","T103540"
"3510","T103681"
"3511","T103700"
"3512","T103799"
"3513","T103821"
"3514","T103846"
"3515","T103885"
"3516","T103955"
"3517","T104023"
"3518","T104109"
"3519","T104238"
"3520","T104316"
"3521","T104681"
"3522","T104769"
"3523","T105090"
"3524","T105091"
"3525","T105139"
"3526","T105164"
"3527","T105192"
"3528","T105262"
"3529","T105264"
"3530","T105285"
"3531","T105289"
"3532","T105290"
"3533","T105291"
"3534","T105503"
"3535","T105624"
"3536","T105638"
"3537","T105647"
"3538","T105659"
"3539","T105694"
"3540","T105695"
"3541","T105720"
"3542","T105797"
"3543","T105829"
"3544","T105889"
"3545","T105949"
"3546","T105950"
"3547","T105971"
"3548","T105973"
"3549","T105987"
"3550","T106128"
"3551","T106139"
"3552","T106147"
"3553","T106170"
"3554","T106229"
"3555","T106230"
"3556","T106304"
"3557","T106339"
"3558","T106377"
"3559","T106423"
"3560","T106464"
"3561","T106470"
"3562","T106491"
"3563","T106498"
"3564","T106560"
"3565","T106641"
"3566","T106644"
"3567","T106715"
"3568","T106728"
"3569","T106741"
"3570","T106784"
"3571","T106785"
"3572","T106800"
"3573","T106871"
"3574","T106930"
"3575","T106971"
"3576","T106988"
"3577","T107024"
"3578","T107038"
"3579","T107059"
"3580","T107098"
"3581","T107099"
"3582","T107139"
"3583","T107154"
"3584","T107204"
"3585","T107218"
"3586","T107219"
"3587","T107330"
"3588","T107340"
"3589","T107371"
"3590","T107418"
"3591","T107596"
"3592","T107613"
"3593","T107622"
"3594","T107636"
"3595","T107637"
"3596","T107641"
"3597","T107666"
"3598","T107670"
"3599","T107680"
"3600","T107688"
"3601","T107692"
"3602","T107700"
"3603","T107740"
"3604","T107796"
"3605","T107803"
"3606","T107813"
"3607","T107815"
"3608","T107817"
"3609","T107848"
"3610","T107951"
"3611","T107961"
"3612","T107974"
"3613","T108157"
"3614","T108199"
"3615","T108271"
"3616","T108283"
"3617","T108284"
"3618","T108299"
"3619","T108381"
"3620","T108384"
"3621","T108447"
"3622","T108473"
"3623","T108477"
"3624","T108478"
"3625","T108480"
"3626","T108494"
"3627","T108496"
"3628","T108507"
"3629","T108529"
"3630","T108534"
"3631","T108542"
"3632","T108551"
"3633","T108553"
"3634","T108570"
"3635","T108574"
"3636","T108592"
"3637","T108595"
"3638","T108605"
"3639","T108614"
"3640","T108682"
"3641","T108683"
"3642","T108685"
"3643","T108687"
"3644","T108689"
"3645","T108690"
"3646","T108722"
"3647","T108726"
"3648","T108729"
"3649","T108750"
"3650","T108789"
"3651","T108796"
"3652","T108804"
"3653","T108808"
"3654","T108812"
"3655","T108815"
"3656","T108845"
"3657","T108852"
"3658","T108866"
"3659","T108878"
"3660","T108915"
"3661","T108934"
"3662","T108944"
"3663","T109017"
"3664","T109040"
"3665","T109052"
"3666","T109069"
"3667","T109075"
"3668","T109088"
"3669","T109094"
"3670","T109146"
"3671","T109210"
"3672","T109272"
"3673","T109311"
"3674","T109316"
"3675","T109345"
"3676","T109352"
"3677","T109356"
"3678","T109392"
"3679","T109431"
"3680","T109444"
"3681","T109505"
"3682","T109517"
"3683","T109519"
"3684","T109520"
"3685","T109532"
"3686","T109536"
"3687","T109539"
"3688","T109653"
"3689","T109654"
"3690","T109702"
"3691","T109712"
"3692","T109746"
"3693","T109751"
"3694","T109775"
"3695","T109777"
"3696","T109813"
"3697","T109819"
"3698","T109824"
"3699","T109830"
"3700","T109837"
"3701","T109845"
"3702","T109893"
"3703","T109929"
"3704","T109936"
"3705","T109948"
"3706","T109958"
"3707","T109964"
"3708","T109967"
"3709","T109987"
"3710","T110011"
"3711","T110012"
"3712","T110013"
"3713","T110014"
"3714","T110017"
"3715","T110019"
"3716","T110034"
"3717","T110106"
"3718","T110117"
"3719","T110138"
"3720","T110141"
"3721","T110161"
"3722","T110180"
"3723","T110185"
"3724","T110199"
"3725","T110211"
"3726","T110216"
"3727","T110225"
"3728","T110226"
"3729","T110243"
"3730","T110245"
"3731","T110247"
"3732","T110248"
"3733","T110267"
"3734","T110273"
"3735","T110276"
"3736","T110291"
"3737","T110295"
"3738","T110300"
"3739","T110315"
"3740","T110318"
"3741","T110322"
"3742","T110342"
"3743","T110355"
"3744","T110356"
"3745","T110369"
"3746","T110377"
"3747","T110380"
"3748","T110381"
"3749","T110382"
"3750","T110398"
"3751","T110402"
"3752","T110410"
"3753","T110414"
"3754","T110422"
"3755","T110423"
"3756","T110445"
"3757","T110453"
"3758","T110454"
"3759","T110455"
"3760","T110464"
"3761","T110492"
"3762","T110493"
"3763","T110510"
"3764","T110539"
"3765","T110546"
"3766","T110579"
"3767","T110585"
"3768","T110641"
"3769","T110655"
"3770","T110673"
"3771","T110677"
"3772","T110682"
"3773","T110687"
"3774","T110724"
"3775","T110732"
"3776","T110762"
"3777","T110764"
"3778","T110784"
"3779","T110794"
"3780","T110833"
"3781","T110846"
"3782","T110864"
"3783","T110874"
"3784","T110878"
"3785","T110885"
"3786","T110890"
"3787","T110908"
"3788","T110923"
"3789","T110948"
"3790","T110954"
"3791","T111048"
"3792","T111087"
"3793","T111120"
"3794","T111121"
"3795","T111124"
"3796","T111139"
"3797","T111149"
"3798","T111259"
"3799","T111429"
"3800","T111487"
"3801","T111489"
"3802","T111517"
"3803","T111519"
"3804","T111534"
"3805","T111536"
"3806","T111537"
"3807","T111582"
"3808","T111605"
"3809","T111683"
"3810","T111706"
"3811","T112027"
"3812","T112036"
"3813","T112128"
"3814","T112161"
"3815","T112243"
"3816","T112258"
"3817","T112376"
"3818","T112538"
"3819","T112543"
"3820","T112616"
"3821","T112621"
"3822","T112635"
"3823","T112636"
"3824","T112639"
"3825","T112654"
"3826","T112666"
"3827","T112667"
"3828","T112673"
"3829","T112680"
"3830","T112695"
"3831","T112749"
"3832","T112793"
"3833","T112848"
"3834","T112864"
"3835","T112887"
"3836","T112900"
"3837","T112902"
"3838","T112944"
"3839","T112946"
"3840","T112954"
"3841","T112958"
"3842","T112959"
"3843","T112979"
"3844","T112991"
"3845","T112992"
"3846","T112993"
"3847","T112994"
"3848","T112995"
"3849","T112996"
"3850","T112998"
"3851","T112999"
"3852","T113007"
"3853","T113011"
"3854","T113018"
"3855","T113020"
"3856","T113027"
"3857","T113029"
"3858","T113035"
"3859","T113083"
"3860","T113095"
"3861","T113099"
"3862","T113138"
"3863","T113150"
"3864","T113187"
"3865","T113200"
"3866","T113205"
"3867","T113206"
"3868","T113286"
"3869","T113288"
"3870","T113290"
"3871","T113313"
"3872","T113317"
"3873","T113318"
"3874","T113319"
"3875","T113320"
"3876","T113329"
"3877","T113341"
"3878","T113345"
"3879","T113362"
"3880","T113377"
"3881","T113379"
"3882","T113394"
"3883","T113401"
"3884","T113410"
"3885","T113412"
"3886","T113413"
"3887","T113421"
"3888","T113456"
"3889","T113498"
"3890","T113526"
"3891","T113535"
"3892","T113544"
"3893","T113545"
"3894","T113550"
"3895","T113553"
"3896","T113554"
"3897","T113576"
"3898","T113577"
"3899","T113634"
"3900","T113765"
"3901","T113859"
"3902","T113903"
"3903","T113957"
"3904","T113973"
"3905","T113974"
"3906","T113989"
"3907","T114002"
"3908","T114016"
"3909","T114022"
"3910","T114023"
"3911","T114028"
"3912","T114037"
"3913","T114039"
"3914","T114125"
"3915","T114177"
"3916","T114188"
"3917","T114190"
"3918","T114206"
"3919","T114214"
"3920","T114216"
"3921","T114217"
"3922","T114302"
"3923","T114314"
"3924","T114366"
"3925","T114399"
"3926","T114410"
"3927","T114447"
"3928","T114528"
"3929","T114555"
"3930","T114576"
"3931","T114591"
"3932","T114644"
"3933","T114656"
"3934","T114700"
"3935","T114719"
"3936","T114739"
"3937","T114756"
"3938","T114769"
"3939","T114818"
"3940","T114832"
"3941","T114867"
"3942","T114880"
"3943","T114967"
"3944","T115017"
"3945","T115036"
"3946","T115083"
"3947","T115099"
"3948","T115120"
"3949","T115183"
"3950","T115219"
"3951","T115230"
"3952","T115319"
"3953","T115553"
"3954","T115728"
"3955","T115796"
"3956","T115804"
"3957","T115817"
"3958","T115866"
"3959","T115918"
"3960","T115925"
"3961","T115940"
"3962","T115994"
"3963","T116084"
"3964","T116147"
"3965","T116198"
"3966","T116199"
"3967","T116222"
"3968","T116228"
"3969","T116249"
"3970","T116373"
"3971","T116390"
"3972","T116402"
"3973","T116409"
"3974","T116417"
"3975","T116522"
"3976","T116582"
"3977","T116598"
"3978","T116649"
"3979","T116695"
"3980","T116909"
"3981","T116947"
"3982","T117026"
"3983","T117027"
"3984","T117050"
"3985","T117065"
"3986","T117066"
"3987","T117068"
"3988","T117079"
"3989","T117162"
"3990","T117173"
"3991","T117228"
"3992","T117229"
"3993","T117230"
"3994","T117328"
"3995","T117345"
"3996","T117347"
"3997","T117348"
"3998","T117350"
"3999","T117354"
"4000","T117368"
"4001","T117420"
"4002","T117441"
"4003","T117521"
"4004","T117528"
"4005","T117548"
"4006","T117597"
"4007","T117605"
"4008","T117608"
"4009","T117615"
"4010","T117616"
"4011","T117618"
"4012","T117623"
"4013","T117645"
"4014","T117663"
"4015","T117698"
"4016","T117710"
"4017","T117810"
"4018","T117817"
"4019","T117858"
"4020","T117875"
"4021","T117950"
"4022","T118012"
"4023","T118040"
"4024","T118042"
"4025","T118043"
"4026","T118080"
"4027","T118086"
"4028","T118087"
"4029","T118107"
"4030","T118138"
"4031","T118174"
"4032","T118219"
"4033","T118234"
"4034","T118252"
"4035","T118337"
"4036","T118355"
"4037","T118403"
"4038","T118408"
"4039","T118410"
"4040","T118420"
"4041","T118422"
"4042","T118446"
"4043","T118469"
"4044","T118518"
"4045","T118564"
"4046","T118567"
"4047","T118610"
"4048","T118654"
"4049","T118723"
"4050","T118747"
"4051","T118751"
"4052","T118867"
"4053","T118928"
"4054","T118942"
"4055","T118996"
"4056","T119001"
"4057","T119033"
"4058","T119059"
"4059","T119093"
"4060","T119148"
"4061","T119178"
"4062","T119222"
"4063","T119269"
"4064","T119298"
"4065","T119511"
"4066","T119548"
"4067","T119549"
"4068","T119554"
"4069","T119640"
"4070","T119641"
"4071","T119678"
"4072","T119681"
"4073","T119700"
"4074","T119702"
"4075","T119708"
"4076","T119834"
"4077","T119954"
"4078","T119958"
"4079","T120079"
"4080","T120252"
"4081","T120351"
"4082","T120377"
"4083","T120383"
"4084","T120493"
"4085","T120505"
"4086","T120579"
"4087","T120598"
"4088","T120639"
"4089","T120641"
"4090","T120778"
"4091","T120849"
"4092","T120890"
"4093","T121049"
"4094","T121070"
"4095","T121089"
"4096","T121091"
"4097","T121113"
"4098","T121132"
"4099","T121147"
"4100","T121187"
"4101","T121212"
"4102","T121216"
"4103","T121271"
"4104","T121323"
"4105","T121339"
"4106","T121347"
"4107","T121352"
"4108","T121365"
"4109","T121380"
"4110","T121382"
"4111","T121387"
"4112","T121401"
"4113","T121435"
"4114","T121452"
"4115","T121460"
"4116","T121468"
"4117","T121489"
"4118","T121532"
"4119","T121544"
"4120","T121561"
"4121","T121618"
"4122","T121678"
"4123","T121703"
"4124","T121714"
"4125","T121721"
"4126","T121729"
"4127","T121767"
"4128","T121784"
"4129","T121786"
"4130","T121797"
"4131","T121811"
"4132","T121822"
"4133","T121833"
"4134","T121877"
"4135","T121882"
"4136","T121885"
"4137","T121929"
"4138","T122040"
"4139","T122056"
"4140","T122066"
"4141","T122068"
"4142","T122071"
"4143","T122087"
"4144","T122269"
"4145","T122270"
"4146","T122276"
"4147","T122326"
"4148","T122384"
"4149","T122415"
"4150","T122416"
"4151","T122490"
"4152","T122510"
"4153","T122589"
"4154","T122592"
"4155","T122604"
"4156","T122607"
"4157","T122623"
"4158","T122632"
"4159","T122646"
"4160","T122808"
"4161","T122825"
"4162","T122859"
"4163","T122893"
"4164","T122897"
"4165","T122944"
"4166","T122947"
"4167","T122948"
"4168","T122949"
"4169","T122952"
"4170","T123019"
"4171","T123158"
"4172","T123170"
"4173","T123196"
"4174","T123221"
"4175","T123327"
"4176","T123340"
"4177","T123424"
"4178","T123553"
"4179","T123563"
"4180","T123689"
"4181","T123720"
"4182","T123829"
"4183","T123830"
"4184","T123870"
"4185","T123903"
"4186","T123934"
"4187","T123962"
"4188","T123969"
"4189","T123976"
"4190","T124073"
"4191","T124105"
"4192","T124114"
"4193","T124126"
"4194","T124402"
"4195","T124435"
"4196","T124554"
"4197","T124566"
"4198","T124578"
"4199","T124660"
"4200","T124679"
"4201","T124681"
"4202","T124789"
"4203","T124791"
"4204","T124799"
"4205","T124816"
"4206","T124906"
"4207","T125047"
"4208","T125063"
"4209","T125064"
"4210","T125073"
"4211","T125191"
"4212","T125192"
"4213","T125264"
"4214","T125367"
"4215","T125478"
"4216","T125494"
"4217","T125598"
"4218","T125601"
"4219","T125628"
"4220","T125693"
"4221","T125947"
"4222","T125950"
"4223","T126041"
"4224","T126043"
"4225","T126046"
"4226","T126073"
"4227","T126082"
"4228","T126265"
"4229","T126275"
"4230","T126363"
"4231","T126466"
"4232","T126478"
"4233","T126571"
"4234","T126647"
"4235","T126667"
"4236","T126676"
"4237","T126839"
"4238","T126988"
"4239","T127039"
"4240","T127042"
"4241","T127102"
"4242","T127128"
"4243","T127130"
"4244","T127148"
"4245","T127320"
"4246","T127321"
"4247","T127324"
"4248","T127328"
"4249","T127364"
"4250","T127395"
"4251","T127408"
"4252","T127429"
"4253","T127439"
"4254","T127441"
"4255","T127442"
"4256","T127469"
"4257","T127473"
"4258","T127481"
"4259","T127497"
"4260","T127508"
"4261","T127510"
"4262","T127531"
"4263","T127636"
"4264","T127785"
"4265","T127792"
"4266","T127886"
"4267","T127901"
"4268","T127908"
"4269","T127932"
"4270","T127952"
"4271","T127956"
"4272","T127964"
"4273","T127990"
"4274","T128001"
"4275","T128005"
"4276","T128014"
"4277","T128033"
"4278","T128056"
"4279","T128086"
"4280","T128135"
"4281","T128142"
"4282","T128188"
"4283","T128189"
"4284","T128191"
"4285","T128192"
"4286","T128193"
"4287","T128195"
"4288","T128215"
"4289","T128217"
"4290","T128253"
"4291","T128256"
"4292","T128283"
"4293","T128359"
"4294","T128383"
"4295","T128416"
"4296","T128476"
"4297","T128479"
"4298","T128496"
"4299","T128512"
"4300","T128513"
"4301","T128545"
"4302","T128548"
"4303","T128569"
"4304","T128573"
"4305","T128575"
"4306","T128581"
"4307","T128601"
"4308","T128630"
"4309","T128699"
"4310","T128794"
"4311","T128857"
"4312","T128903"
"4313","T128978"
"4314","T128987"
"4315","T129047"
"4316","T129181"
"4317","T129279"
"4318","T129354"
"4319","T129415"
"4320","T129555"
"4321","T129562"
"4322","T129674"
"4323","T129843"
"4324","T129865"
"4325","T130087"
"4326","T130253"
"4327","T130289"
"4328","T130315"
"4329","T130316"
"4330","T130497"
"4331","T130542"
"4332","T130564"
"4333","T130589"
"4334","T130668"
"4335","T130673"
"4336","T130675"
"4337","T130681"
"4338","T130687"
"4339","T130703"
"4340","T130746"
"4341","T130747"
"4342","T130755"
"4343","T130762"
"4344","T130771"
"4345","T130811"
"4346","T130867"
"4347","T130891"
"4348","T130895"
"4349","T130899"
"4350","T130902"
"4351","T130905"
"4352","T130937"
"4353","T130938"
"4354","T130940"
"4355","T130950"
"4356","T130954"
"4357","T131046"
"4358","T131059"
"4359","T131063"
"4360","T131094"
"4361","T131189"
"4362","T131203"
"4363","T131227"
"4364","T131300"
"4365","T131307"
"4366","T131320"
"4367","T131324"
"4368","T131446"
"4369","T131485"
"4370","T131522"
"4371","T131523"
"4372","T131533"
"4373","T131577"
"4374","T131579"
"4375","T131586"
"4376","T131613"
"4377","T131771"
"4378","T131789"
"4379","T131798"
"4380","T131829"
"4381","T131830"
"4382","T131831"
"4383","T131833"
"4384","T131834"
"4385","T131835"
"4386","T131836"
"4387","T131898"
"4388","T131909"
"4389","T131921"
"4390","T131931"
"4391","T131955"
"4392","T131959"
"4393","T131964"
"4394","T131965"
"4395","T131969"
"4396","T131975"
"4397","T131977"
"4398","T132025"
"4399","T132031"
"4400","T132045"
"4401","T132113"
"4402","T132173"
"4403","T132193"
"4404","T132219"
"4405","T132333"
"4406","T132334"
"4407","T132463"
"4408","T132643"
"4409","T132650"
"4410","T132656"
"4411","T132661"
"4412","T132662"
"4413","T132705"
"4414","T132722"
"4415","T132736"
"4416","T132743"
"4417","T132842"
"4418","T132902"
"4419","T132921"
"4420","T132922"
"4421","T132923"
"4422","T132940"
"4423","T132941"
"4424","T132960"
"4425","T132977"
"4426","T132988"
"4427","T133065"
"4428","T133066"
"4429","T133102"
"4430","T133136"
"4431","T133137"
"4432","T133139"
"4433","T133140"
"4434","T133142"
"4435","T133188"
"4436","T133197"
"4437","T133233"
"4438","T133242"
"4439","T133243"
"4440","T133277"
"4441","T133308"
"4442","T133309"
"4443","T133327"
"4444","T133334"
"4445","T133335"
"4446","T133336"
"4447","T133355"
"4448","T133357"
"4449","T133367"
"4450","T133368"
"4451","T133378"
"4452","T133396"
"4453","T133407"
"4454","T133420"
"4455","T133503"
"4456","T133509"
"4457","T133526"
"4458","T133554"
"4459","T133587"
"4460","T133607"
"4461","T133655"
"4462","T133671"
"4463","T133709"
"4464","T133716"
"4465","T133718"
"4466","T133727"
"4467","T133745"
"4468","T133773"
"4469","T133813"
"4470","T133958"
"4471","T133960"
"4472","T134064"
"4473","T134155"
"4474","T134192"
"4475","T134244"
"4476","T134253"
"4477","T134255"
"4478","T134381"
"4479","T134461"
"4480","T134475"
"4481","T134493"
"4482","T134494"
"4483","T134508"
"4484","T134536"
"4485","T134552"
"4486","T134557"
"4487","T134585"
"4488","T134686"
"4489","T134761"
"4490","T134762"
"4491","T134763"
"4492","T134802"
"4493","T134844"
"4494","T134854"
"4495","T134881"
"4496","T135013"
"4497","T135014"
"4498","T135019"
"4499","T135023"
"4500","T135150"
"4501","T135159"
"4502","T135163"
"4503","T135217"
"4504","T135230"
"4505","T135264"
"4506","T135293"
"4507","T135427"
"4508","T135436"
"4509","T135437"
"4510","T135451"
"4511","T135467"
"4512","T135550"
"4513","T135555"
"4514","T135558"
"4515","T135560"
"4516","T135564"
"4517","T135566"
"4518","T135588"
"4519","T135596"
"4520","T135609"
"4521","T135707"
"4522","T135741"
"4523","T135753"
"4524","T135827"
"4525","T135857"
"4526","T135892"
"4527","T135893"
"4528","T135895"
"4529","T135913"
"4530","T135914"
"4531","T135927"
"4532","T136001"
"4533","T136002"
"4534","T136107"
"4535","T136110"
"4536","T136138"
"4537","T136145"
"4538","T136146"
"4539","T136148"
"4540","T136159"
"4541","T136181"
"4542","T136182"
"4543","T136186"
"4544","T136232"
"4545","T136233"
"4546","T136235"
"4547","T136237"
"4548","T136238"
"4549","T136247"
"4550","T136252"
"4551","T136253"
"4552","T136272"
"4553","T136324"
"4554","T136330"
"4555","T136331"
"4556","T136425"
"4557","T136426"
"4558","T136427"
"4559","T136428"
"4560","T136498"
"4561","T136533"
"4562","T136652"
"4563","T136659"
"4564","T136660"
"4565","T136688"
"4566","T136696"
"4567","T136697"
"4568","T136717"
"4569","T136741"
"4570","T136742"
"4571","T136746"
"4572","T136755"
"4573","T136790"
"4574","T136829"
"4575","T136838"
"4576","T136921"
"4577","T136999"
"4578","T137007"
"4579","T137074"
"4580","T137075"
"4581","T137093"
"4582","T137099"
"4583","T137145"
"4584","T137209"
"4585","T137238"
"4586","T137242"
"4587","T137243"
"4588","T137332"
"4589","T137460"
"4590","T137461"
"4591","T137462"
"4592","T137463"
"4593","T137467"
"4594","T137468"
"4595","T137514"
"4596","T137515"
"4597","T137624"
"4598","T137626"
"4599","T137627"
"4600","T137633"
"4601","T137637"
"4602","T137642"
"4603","T137643"
"4604","T137650"
"4605","T137655"
"4606","T137659"
"4607","T137661"
"4608","T137667"
"4609","T137670"
"4610","T137820"
"4611","T137893"
"4612","T137900"
"4613","T137909"
"4614","T137911"
"4615","T137913"
"4616","T137915"
"4617","T137916"
"4618","T137944"
"4619","T137982"
"4620","T138037"
"4621","T138091"
"4622","T138094"
"4623","T138103"
"4624","T138148"
"4625","T138155"
"4626","T138156"
"4627","T138157"
"4628","T138158"
"4629","T138180"
"4630","T138192"
"4631","T138198"
"4632","T138208"
"4633","T138215"
"4634","T138240"
"4635","T138245"
"4636","T138258"
"4637","T138260"
"4638","T138304"
"4639","T138314"
"4640","T138352"
"4641","T138353"
"4642","T138360"
"4643","T138368"
"4644","T138369"
"4645","T138372"
"4646","T138374"
"4647","T138375"
"4648","T138428"
"4649","T138430"
"4650","T138431"
"4651","T138432"
"4652","T138433"
"4653","T138434"
"4654","T138451"
"4655","T138487"
"4656","T138488"
"4657","T138533"
"4658","T138536"
"4659","T138573"
"4660","T138709"
"4661","T138713"
"4662","T138763"
"4663","T138829"
"4664","T138834"
"4665","T138881"
"4666","T138885"
"4667","T138965"
"4668","T138966"
"4669","T138973"
"4670","T139019"
"4671","T139080"
"4672","T139082"
"4673","T139140"
"4674","T139141"
"4675","T139142"
"4676","T139144"
"4677","T139225"
"4678","T139228"
"4679","T139246"
"4680","T139262"
"4681","T139263"
"4682","T139289"
"4683","T139290"
"4684","T139291"
"4685","T139307"
"4686","T139308"
"4687","T139328"
"4688","T139401"
"4689","T139462"
"4690","T139463"
"4691","T139477"
"4692","T139478"
"4693","T139493"
"4694","T139518"
"4695","T139521"
"4696","T139522"
"4697","T139523"
"4698","T139524"
"4699","T139525"
"4700","T139526"
"4701","T139531"
"4702","T139534"
"4703","T139535"
"4704","T139537"
"4705","T139577"
"4706","T139578"
"4707","T139580"
"4708","T139581"
"4709","T139589"
"4710","T139596"
"4711","T139598"
"4712","T139604"
"4713","T139607"
"4714","T139612"
"4715","T139613"
"4716","T139682"
"4717","T139691"
"4718","T139706"
"4719","T139717"
"4720","T139729"
"4721","T139734"
"4722","T139739"
"4723","T139745"
"4724","T139810"
"4725","T139837"
"4726","T139873"
"4727","T139906"
"4728","T139946"
"4729","T140039"
"4730","T140172"
"4731","T140174"
"4732","T140218"
"4733","T140227"
"4734","T140250"
"4735","T140334"
"4736","T140359"
"4737","T140362"
"4738","T140363"
"4739","T140365"
"4740","T140373"
"4741","T140385"
"4742","T140494"
"4743","T140526"
"4744","T140527"
"4745","T140550"
"4746","T140556"
"4747","T140605"
"4748","T140606"
"4749","T140607"
"4750","T140627"
"4751","T140640"
"4752","T140759"
"4753","T140760"
"4754","T140762"
"4755","T140774"
"4756","T140777"
"4757","T140787"
"4758","T140788"
"4759","T140791"
"4760","T140867"
"4761","T140868"
"4762","T140885"
"4763","T140888"
"4764","T141030"
"4765","T141064"
"4766","T141092"
"4767","T141108"
"4768","T141126"
"4769","T141130"
"4770","T141170"
"4771","T141263"
"4772","T141264"
"4773","T141341"
"4774","T141551"
"4775","T141595"
"4776","T142060"
"4777","T142247"
"4778","T142268"
"4779","T142396"
"4780","T142407"
"4781","T142441"
"4782","T142442"
"4783","T142444"
"4784","T142562"
"4785","T142607"
"4786","T142624"
"4787","T142858"
"4788","T142943"
"4789","T142967"
"4790","T143084"
"4791","T143085"
"4792","T143086"
"4793","T143087"
"4794","T143088"
"4795","T143089"
"4796","T143090"
"4797","T143091"
"4798","T143093"
"4799","T143104"
"4800","T143262"
"4801","T143265"
"4802","T143310"
"4803","T143334"
"4804","T143391"
"4805","T143433"
"4806","T143447"
"4807","T143469"
"4808","T143485"
"4809","T143531"
"4810","T143568"
"4811","T143586"
"4812","T143642"
"4813","T143729"
"4814","T143763"
"4815","T143851"
"4816","T143861"
"4817","T143882"
"4818","T143953"
"4819","T143954"
"4820","T143962"
"4821","T143974"
"4822","T143983"
"4823","T144002"
"4824","T144014"
"4825","T144016"
"4826","T144095"
"4827","T144098"
"4828","T144100"
"4829","T144103"
"4830","T144104"
"4831","T144105"
"4832","T144145"
"4833","T144203"
"4834","T144229"
"4835","T144260"
"4836","T144267"
"4837","T144270"
"4838","T144289"
"4839","T144356"
"4840","T144367"
"4841","T144420"
"4842","T144425"
"4843","T144454"
"4844","T144464"
"4845","T144502"
"4846","T144569"
"4847","T144579"
"4848","T144586"
"4849","T144687"
"4850","T144706"
"4851","T144707"
"4852","T144708"
"4853","T144719"
"4854","T144725"
"4855","T144737"
"4856","T144771"
"4857","T144798"
"4858","T144799"
"4859","T144829"
"4860","T144836"
"4861","T144839"
"4862","T144848"
"4863","T144854"
"4864","T144870"
"4865","T144906"
"4866","T144971"
"4867","T144972"
"4868","T144973"
"4869","T145055"
"4870","T145080"
"4871","T145099"
"4872","T145107"
"4873","T145114"
"4874","T145128"
"4875","T145161"
"4876","T145164"
"4877","T145167"
"4878","T145197"
"4879","T145210"
"4880","T145234"
"4881","T145242"
"4882","T145243"
"4883","T145260"
"4884","T145289"
"4885","T145357"
"4886","T145358"
"4887","T145373"
"4888","T145381"
"4889","T145388"
"4890","T145414"
"4891","T145443"
"4892","T145458"
"4893","T145464"
"4894","T145494"
"4895","T145496"
"4896","T145521"
"4897","T145522"
"4898","T145568"
"4899","T145569"
"4900","T145585"
"4901","T145625"
"4902","T145659"
"4903","T145685"
"4904","T145688"
"4905","T145693"
"4906","T145740"
"4907","T145753"
"4908","T145765"
"4909","T145816"
"4910","T145823"
"4911","T145853"
"4912","T145894"
"4913","T145895"
"4914","T145896"
"4915","T145898"
"4916","T145903"
"4917","T145939"
"4918","T145940"
"4919","T145967"
"4920","T145968"
"4921","T145978"
"4922","T146025"
"4923","T146026"
"4924","T146027"
"4925","T146039"
"4926","T146042"
"4927","T146043"
"4928","T146088"
"4929","T146089"
"4930","T146090"
"4931","T146091"
"4932","T146092"
"4933","T146093"
"4934","T146094"
"4935","T146095"
"4936","T146101"
"4937","T146105"
"4938","T146106"
"4939","T146108"
"4940","T146109"
"4941","T146110"
"4942","T146112"
"4943","T146140"
"4944","T146270"
"4945","T146305"
"4946","T146379"
"4947","T146380"
"4948","T146386"
"4949","T146510"
"4950","T146543"
"4951","T146548"
"4952","T146566"
"4953","T146576"
"4954","T146626"
"4955","T146629"
"4956","T146678"
"4957","T146719"
"4958","T146741"
"4959","T146746"
"4960","T146747"
"4961","T146750"
"4962","T146759"
"4963","T146850"
"4964","T146883"
"4965","T146930"
"4966","T146954"
"4967","T146966"
"4968","T146996"
"4969","T147006"
"4970","T147021"
"4971","T147028"
"4972","T147035"
"4973","T147039"
"4974","T147063"
"4975","T147100"
"4976","T147111"
"4977","T147122"
"4978","T147151"
"4979","T147168"
"4980","T147243"
"4981","T147248"
"4982","T147252"
"4983","T147360"
"4984","T147364"
"4985","T147374"
"4986","T147402"
"4987","T147414"
"4988","T147415"
"4989","T147475"
"4990","T147493"
"4991","T147569"
"4992","T147616"
"4993","T147682"
"4994","T147693"
"4995","T147703"
"4996","T147750"
"4997","T147791"
"4998","T147885"
"4999","T147895"
"5000","T147911"
"5001","T148087"
"5002","T148099"
"5003","T148107"
"5004","T148108"
"5005","T148276"
"5006","T148277"
"5007","T148503"
"5008","T148511"
"5009","T148519"
"5010","T148530"
"5011","T148536"
"5012","T148544"
"5013","T148730"
"5014","T148771"
"5015","T148786"
"5016","T148788"
"5017","T148854"
"5018","T148861"
"5019","T148888"
"5020","T149006"
"5021","T149092"
"5022","T43151"
"5023","T43244"
"5024","T43297"
"5025","T43568"
"5026","T43597"
"5027","T43723"
"5028","T43729"
"5029","T43731"
"5030","T43732"
"5031","T43733"
"5032","T43951"
"5033","T43952"
"5034","T43956"
"5035","T43958"
"5036","T43971"
"5037","T43972"
"5038","T44034"
"5039","T44222"
"5040","T44226"
"5041","T44233"
"5042","T44235"
"5043","T44419"
"5044","T44499"
"5045","T44604"
"5046","T44642"
"5047","T44724"
"5048","T44738"
"5049","T44739"
"5050","T44778"
"5051","T44818"
"5052","T44882"
"5053","T44888"
"5054","T44901"
"5055","T45059"
"5056","T45080"
"5057","T45099"
"5058","T45283"
"5059","T45285"
"5060","T45286"
"5061","T45395"
"5062","T45463"
"5063","T45467"
"5064","T45468"
"5065","T45477"
"5066","T45480"
"5067","T45482"
"5068","T45485"
"5069","T45487"
"5070","T45491"
"5071","T45492"
"5072","T45604"
"5073","T45605"
"5074","T45606"
"5075","T45608"
"5076","T45609"
"5077","T45610"
"5078","T45611"
"5079","T45612"
"5080","T45613"
"5081","T45616"
"5082","T45617"
"5083","T45619"
"5084","T45620"
"5085","T45621"
"5086","T45622"
"5087","T45623"
"5088","T45624"
"5089","T45767"
"5090","T45786"
"5091","T45794"
"5092","T46006"
"5093","T46015"
"5094","T46033"
"5095","T46036"
"5096","T46110"
"5097","T46205"
"5098","T46206"
"5099","T46324"
"5100","T46353"
"5101","T46370"
"5102","T46371"
"5103","T46378"
"5104","T46388"
"5105","T46529"
"5106","T46558"
"5107","T46562"
"5108","T46572"
"5109","T46594"
"5110","T46595"
"5111","T46605"
"5112","T46610"
"5113","T46767"
"5114","T46826"
"5115","T46827"
"5116","T46836"
"5117","T46842"
"5118","T46856"
"5119","T46924"
"5120","T46925"
"5121","T47014"
"5122","T47047"
"5123","T47154"
"5124","T47264"
"5125","T47272"
"5126","T47304"
"5127","T47377"
"5128","T47380"
"5129","T47381"
"5130","T47382"
"5131","T47426"
"5132","T47465"
"5133","T47565"
"5134","T47739"
"5135","T47741"
"5136","T47760"
"5137","T47769"
"5138","T48086"
"5139","T48109"
"5140","T48120"
"5141","T48125"
"5142","T48142"
"5143","T48159"
"5144","T48170"
"5145","T48174"
"5146","T48188"
"5147","T48232"
"5148","T48423"
"5149","T48424"
"5150","T48425"
"5151","T48426"
"5152","T48430"
"5153","T48431"
"5154","T48432"
"5155","T48433"
"5156","T48434"
"5157","T48465"
"5158","T48592"
"5159","T48656"
"5160","T48657"
"5161","T48749"
"5162","T48791"
"5163","T48822"
"5164","T48833"
"5165","T48838"
"5166","T48839"
"5167","T48947"
"5168","T48960"
"5169","T49228"
"5170","T49241"
"5171","T49270"
"5172","T49412"
"5173","T49618"
"5174","T49621"
"5175","T49622"
"5176","T49623"
"5177","T49633"
"5178","T49634"
"5179","T49636"
"5180","T49637"
"5181","T49641"
"5182","T49644"
"5183","T49645"
"5184","T49646"
"5185","T49649"
"5186","T49650"
"5187","T49652"
"5188","T49654"
"5189","T49712"
"5190","T49724"
"5191","T49741"
"5192","T49889"
"5193","T49891"
"5194","T50150"
"5195","T50177"
"5196","T50201"
"5197","T50219"
"5198","T50222"
"5199","T50223"
"5200","T50227"
"5201","T50233"
"5202","T50234"
"5203","T50245"
"5204","T50281"
"5205","T50308"
"5206","T50476"
"5207","T50477"
"5208","T50762"
"5209","T50818"
"5210","T50835"
"5211","T50978"
"5212","T51037"
"5213","T51039"
"5214","T51472"
"5215","T51502"
"5216","T51511"
"5217","T51587"
"5218","T51643"
"5219","T51645"
"5220","T51666"
"5221","T51836"
"5222","T51884"
"5223","T52588"
"5224","T52742"
"5225","T52743"
"5226","T52746"
"5227","T52747"
"5228","T52756"
"5229","T52771"
"5230","T52806"
"5231","T52807"
"5232","T52808"
"5233","T52809"
"5234","T52851"
"5235","T232413"
"5236","W11515"
"5237","W11672"
"5238","W11774"
"5239","W11983"
"5240","W11985"
"5241","W12289"
"5242","W12551"
"5243","W12738"
"5244","W12870"
"5245","W13002"
"5246","W13411"
"5247","W13489"
"5248","W13561"
"5249","W13562"
"5250","W13567"
"5251","W13768"
"5252","W13815"
"5253","W14028"
"5254","W14038"
"5255","W14077"
"5256","W14078"
"5257","W14089"
"5258","W14091"
"5259","W14094"
"5260","W14099"
"5261","W14106"
"5262","W14322"
"5263","W14360"
"5264","W1447"
"5265","W14552"
"5266","W14554"
"5267","W14686"
"5268","W14923"
"5269","W14929"
"5270","W14933"
"5271","W15132"
"5272","W15742"
"5273","W15743"
"5274","W15748"
"5275","W15749"
"5276","W15750"
"5277","W15751"
"5278","W15752"
"5279","W16063"
"5280","W16639"
"5281","W16688"
"5282","W16848"
"5283","W17000"
"5284","W17849"
"5285","W17952"
"5286","W18129"
"5287","W18694"
"5288","W18695"
"5289","W19180"
"5290","W19181"
"5291","W19238"
"5292","W19245"
"5293","W19507"
"5294","W19964"
"5295","W20046"
"5296","W20052"
"5297","W20053"
"5298","W20054"
"5299","W20063"
"5300","W20067"
"5301","W20068"
"5302","W20070"
"5303","W20076"
"5304","W20077"
"5305","W20082"
"5306","W20083"
"5307","W20084"
"5308","W20085"
"5309","W20114"
"5310","W20117"
"5311","W20128"
"5312","W20137"
"5313","W20152"
"5314","W20181"
"5315","W20200"
"5316","W20226"
"5317","W20251"
"5318","W20262"
"5319","W20279"
"5320","W20304"
"5321","W20315"
"5322","W20316"
"5323","W20332"
"5324","W20336"
"5325","W20342"
"5326","W20371"
"5327","W20405"
"5328","W20413"
"5329","W20414"
"5330","W20441"
"5331","W20443"
"5332","W20444"
"5333","W20445"
"5334","W20451"
"5335","W20452"
"5336","W20453"
"5337","W20454"
"5338","W20456"
"5339","W20457"
"5340","W20460"
"5341","W20464"
"5342","W20465"
"5343","W20479"
"5344","W20490"
"5345","W20538"
"5346","W20541"
"5347","W20555"
"5348","W20577"
"5349","W20590"
"5350","W20594"
"5351","W20599"
"5352","W20603"
"5353","W20604"
"5354","W20611"
"5355","W20622"
"5356","W20624"
"5357","W20632"
"5358","W20655"
"5359","W20689"
"5360","W20694"
"5361","W20710"
"5362","W20724"
"5363","W20728"
"5364","W20737"
"5365","W20742"
"5366","W20745"
"5367","W20773"
"5368","W21061"
"5369","W21296"
"5370","W21310"
"5371","W21323"
"5372","W21329"
"5373","W21333"
"5374","W21336"
"5375","W21447"
"5376","W21469"
"5377","W21489"
"5378","W21492"
"5379","W21498"
"5380","W21529"
"5381","W21550"
"5382","W21566"
"5383","W21654"
"5384","W21901"
"5385","W21914"
"5386","W21969"
"5387","W21976"
"5388","W21990"
"5389","W21994"
"5390","W22131"
"5391","W22344"
"5392","W23158"
"5393","W23173"
"5394","W23763"
"5395","W2446"
"5396","W2485"
"5397","W2506"
"5398","W25487"
"5399","W2730"
"5400","W2807"
"5401","W2837"
"5402","W2874"
"5403","W2878"
"5404","W3335"
"5405","W3398"
"5406","W3418"
"5407","W3591"
"5408","W3638"
"5409","W5005"
"5410","W5141"
"5411","W5299"
"5412","W5415"
"5413","W5544"
"5414","W6245"
"5415","W6321"
"5416","W6323"
"5417","W6326"
"5418","W6327"
"5419","W6330"
"5420","W6332"
"5421","W6404"
"5422","W6407"
"5423","W6417"
"5424","W6547"
"5425","W6688"
"5426","W6693"
"5427","W6694"
"5428","W6697"
"5429","W6698"
"5430","W6801"
"5431","W6807"
"5432","W6810"
"5433","W6820"
"5434","W6933"
"5435","W6995"
"5436","W7002"
"5437","W7017"
"5438","W7100"
"5439","W7619"
"5440","W8133"
"5441","W8137"
"5442","W8160"
"5443","W8276"
"5444","W8604"
"5445","W8624"
"5446","W9563"
"5447","W9605"
"5448","W26008"
"5449","W26156"
"5450","W26438"
"5451","W27515"
"5452","W27642"
"5453","W27734"
"5454","W27771"
"5455","W27985"
"5456","W28215"
"5457","W28300"
"5458","W28675"
"5459","W28685"
"5460","W28694"
"5461","W28701"
"5462","W28703"
"5463","W28705"
"5464","W28706"
"5465","W28708"
"5466","W28710"
"5467","W28714"
"5468","W28722"
"5469","W28740"
"5470","W28741"
"5471","W28745"
"5472","W28746"
"5473","W28758"
"5474","W28767"
"5475","W28771"
"5476","W28777"
"5477","W28786"
"5478","W28797"
"5479","W28800"
"5480","W28802"
"5481","W28811"
"5482","W28829"
"5483","W28853"
"5484","W28856"
"5485","W28887"
"5486","W28895"
"5487","W28896"
"5488","W28925"
"5489","W28930"
"5490","W28956"
"5491","W28963"
"5492","W28974"
"5493","W28984"
"5494","W29019"
"5495","W29033"
"5496","W29048"
"5497","W29054"
"5498","W29062"
"5499","W29064"
"5500","W29068"
"5501","W29098"
"5502","W29100"
"5503","W29109"
"5504","W29114"
"5505","W29194"
"5506","W29237"
"5507","W29248"
"5508","W29287"
"5509","W29299"
"5510","W29343"
"5511","W29351"
"5512","W29362"
"5513","W29373"
"5514","W29429"
"5515","W29430"
"5516","W29431"
"5517","W29436"
"5518","W29437"
"5519","W29444"
"5520","W29462"
"5521","W29476"
"5522","W29479"
"5523","W29488"
"5524","W29492"
"5525","W29493"
"5526","W29495"
"5527","W29501"
"5528","W29504"
"5529","W29505"
"5530","W29507"
"5531","W29517"
"5532","W29518"
"5533","W29531"
"5534","W29547"
"5535","W29555"
"5536","W29559"
"5537","W29563"
"5538","W29566"
"5539","W29574"
"5540","W29581"
"5541","W29582"
"5542","W29591"
"5543","W29595"
"5544","W29613"
"5545","W29654"
"5546","W29668"
"5547","W29682"
"5548","W29683"
"5549","W29684"
"5550","W29685"
"5551","W29686"
"5552","W29687"
"5553","W29693"
"5554","W29702"
"5555","W29721"
"5556","W29722"
"5557","W29726"
"5558","W29727"
"5559","W29731"
"5560","W29785"
"5561","W29788"
"5562","W29792"
"5563","W29800"
"5564","W29913"
"5565","W30049"
"5566","W30196"
"5567","W30208"
"5568","W30298"
"5569","W30387"
"5570","W30472"
"5571","W30496"
"5572","W30511"
"5573","W30537"
"5574","W30562"
"5575","W30566"
"5576","W30579"
"5577","W30724"
"5578","W30881"
"5579","W30992"
"5580","W31190"
"5581","W31209"
"5582","W31339"
"5583","W31342"
"5584","W31343"
"5585","W31345"
"5586","W31354"
"5587","W31355"
"5588","W31365"
"5589","W31409"
"5590","W31464"
"5591","W31713"
"5592","W31715"
"5593","W31716"
"5594","W31718"
"5595","W31719"
"5596","W31739"
"5597","W31740"
"5598","W31742"
"5599","W31762"
"5600","W31873"
"5601","W31885"
"5602","W31980"
"5603","W31996"
"5604","W32010"
"5605","W32077"
"5606","W32162"
"5607","W32168"
"5608","W32217"
"5609","W32257"
"5610","W32258"
"5611","W32261"
"5612","W32263"
"5613","W32281"
"5614","W32283"
"5615","W32284"
"5616","W33136"
"5617","W33320"
"5618","W33390"
"5619","W33404"
"5620","W35429"
"5621","W36409"
"5622","W36417"
"5623","W37093"
"5624","W37156"
"5625","W37161"
"5626","W37163"
"5627","W37178"
"5628","W37186"
"5629","W37216"
"5630","W37218"
"5631","W37274"
"5632","W37277"
"5633","W37293"
"5634","W37300"
"5635","W37499"
"5636","W37599"
"5637","W37682"
"5638","W37803"
"5639","W37811"
"5640","W37812"
"5641","W37815"
"5642","W37826"
"5643","W37830"
"5644","W37897"
"5645","W38000"
"5646","W38147"
"5647","W38288"
"5648","W38291"
"5649","W38320"
"5650","W38334"
"5651","W38434"
"5652","W38507"
"5653","W38516"
"5654","W41560"
"5655","W41643"
"5656","W41839"
"5657","W42119"
"5658","W42494"
"5659","W42707"
"5660","W42726"
